Epitope sequence,MHC Ambiguity,Old allele name,MHC Convert,MHC Possible,PMID,Date,Title,Journal,Authors,T Cell ID,Starting Position,Ending Position,Modified residues,Epitope Source Molecule,Epitope Source Organism,Epitope Species,Method,Response measured,Qualitative Measurement,Measurement Inequality,Quantitative measurement,Number of Subjects Tested,Number of Subjects Positive,key,Epitope gene,Database source
LLFGYPVYV,Clear,HLA-A*02:01,HLA-A*02:01,HLA-A*02:01,10435578,1999,Four A6-TCR/peptide/HLA-A2 structures that generate very different T cell signals are nearly identical.,Immunity,Y H Ding; B M Baker; D N Garboczi; W E Biddison; D C Wiley,1482224,11.0,19.0,,transcriptional activator Tax,Human T-cell leukemia virus type I,Primate T-lymphotropic virus 1,surface plasmon resonance (SPR),dissociation constant KD,Positive,,910.0,,,1482224_Clear,,IEDB
LLFGYPRYV,Clear,HLA-A*02:01,HLA-A*02:01,HLA-A*02:01,10435578,1999,Four A6-TCR/peptide/HLA-A2 structures that generate very different T cell signals are nearly identical.,Immunity,Y H Ding; B M Baker; D N Garboczi; W E Biddison; D C Wiley,1482226,,,,,,,surface plasmon resonance (SPR),dissociation constant KD,Positive,,7200.0,,,1482226_Clear,,IEDB
LLFGYPVYV,Clear,HLA-A*02:01,HLA-A*02:01,HLA-A*02:01,15670602,2005,Two different T cell receptors use different thermodynamic strategies to recognize the same peptide/MHC ligand.,J Mol Biol,Rebecca L Davis-Harrison; Kathryn M Armstrong; Brian M Baker,1585966,11.0,19.0,,transcriptional activator Tax,Human T-cell leukemia virus type I,Primate T-lymphotropic virus 1,surface plasmon resonance (SPR),dissociation constant KD,Positive,,1350.0,,,1585966_Clear,,IEDB
LLFGYPVYV,Clear,HLA-A*02:01,HLA-A*02:01,HLA-A*02:01,19698083,2009,Fluorine substitutions in an antigenic peptide selectively modulate T-cell receptor binding in a minimally perturbing manner.,Biochem J,Kurt H Piepenbrink; Oleg Y Borbulevych; Ruth F Sommese; John Clemens; Kathryn M Armstrong; Clare Desmond; Priscilla Do; Brian M Baker,1708231,11.0,19.0,,transcriptional activator Tax,Human T-cell leukemia virus type I,Primate T-lymphotropic virus 1,surface plasmon resonance (SPR),dissociation constant KD,Positive,,2100.0,,,1708231_Clear,,IEDB
LLFGYPVYV,Clear,HLA-A*02:01,HLA-A*02:01,HLA-A*02:01,16962135,2006,T cell receptor recognition via cooperative conformational plasticity.,J Mol Biol,Susan J Gagnon; Oleg Y Borbulevych; Rebecca L Davis-Harrison; Richard V Turner; Marale Damirjian; Alison Wojnarowicz; William E Biddison; Brian M Baker,1768343,11.0,19.0,,transcriptional activator Tax,Human T-cell leukemia virus type I,Primate T-lymphotropic virus 1,surface plasmon resonance (SPR),dissociation constant KD,Positive,,2400.0,,,1768343_Clear,,IEDB
LLFGYPVYV,Clear,HLA-A*02:01,HLA-A*02:01,HLA-A*02:01,16197958,2005,Unraveling a hotspot for TCR recognition on HLA-A2: evidence against the existence of peptide-independent TCR binding determinants.,J Mol Biol,Susan J Gagnon; Oleg Y Borbulevych; Rebecca L Davis-Harrison; Tiffany K Baxter; John R Clemens; Kathryn M Armstrong; Richard V Turner; Marale Damirjian; William E Biddison; Brian M Baker,1775494,11.0,19.0,,transcriptional activator Tax,Human T-cell leukemia virus type I,Primate T-lymphotropic virus 1,surface plasmon resonance (SPR),dissociation constant KD,Positive,,2230.0,,,1775494_Clear,,IEDB
LLFGYPVYV,Clear,HLA-A*02:01,HLA-A*02:01,HLA-A*02:01,16197958,2005,Unraveling a hotspot for TCR recognition on HLA-A2: evidence against the existence of peptide-independent TCR binding determinants.,J Mol Biol,Susan J Gagnon; Oleg Y Borbulevych; Rebecca L Davis-Harrison; Tiffany K Baxter; John R Clemens; Kathryn M Armstrong; Richard V Turner; Marale Damirjian; William E Biddison; Brian M Baker,1775496,11.0,19.0,,transcriptional activator Tax,Human T-cell leukemia virus type I,Primate T-lymphotropic virus 1,surface plasmon resonance (SPR),dissociation constant KD,Positive,,1350.0,,,1775496_Clear,,IEDB
LLFGYPVYV,Ambiguous,"HLA-A*02:01 K66A, E63Q mutant","HLA-A*02:01 K66A, E63Q mutant","HLA-A*02:01 K66A, E63Q mutant",16197958,2005,Unraveling a hotspot for TCR recognition on HLA-A2: evidence against the existence of peptide-independent TCR binding determinants.,J Mol Biol,Susan J Gagnon; Oleg Y Borbulevych; Rebecca L Davis-Harrison; Tiffany K Baxter; John R Clemens; Kathryn M Armstrong; Richard V Turner; Marale Damirjian; William E Biddison; Brian M Baker,1779716,11.0,19.0,,transcriptional activator Tax,Human T-cell leukemia virus type I,Primate T-lymphotropic virus 1,surface plasmon resonance (SPR),dissociation constant KD,Positive,,10700.0,,,1779716_Ambiguous,,IEDB
LLFGYPVYV,Clear,HLA-A*02:01,HLA-A*02:01,HLA-A*02:01,20064447,2009,T cell receptor cross-reactivity directed by antigen-dependent tuning of peptide-MHC molecular flexibility.,Immunity,Oleg Y Borbulevych; Kurt H Piepenbrink; Brian E Gloor; Daniel R Scott; Ruth F Sommese; David K Cole; Andrew K Sewell; Brian M Baker,1848791,11.0,19.0,,transcriptional activator Tax,Human T-cell leukemia virus type I,Primate T-lymphotropic virus 1,surface plasmon resonance (SPR),dissociation constant KD,Positive,,1800.0,,,1848791_Clear,,IEDB
MLWGYLQYV,Ambiguous,HLA-A*02:01 A150P mutant,HLA-A*02:01 A150P mutant,HLA-A*02:01 A150P mutant,20064447,2009,T cell receptor cross-reactivity directed by antigen-dependent tuning of peptide-MHC molecular flexibility.,Immunity,Oleg Y Borbulevych; Kurt H Piepenbrink; Brian E Gloor; Daniel R Scott; Ruth F Sommese; David K Cole; Andrew K Sewell; Brian M Baker,1850170,549.0,557.0,,telomer length regulation protein TEL1,Saccharomyces cerevisiae RM11-1a,Saccharomyces cerevisiae,surface plasmon resonance (SPR),dissociation constant KD,Positive,,5400.0,,,1850170_Ambiguous,,IEDB
LLFGYPVYV,Ambiguous,HLA-A*02:01 A150P mutant,HLA-A*02:01 A150P mutant,HLA-A*02:01 A150P mutant,20064447,2009,T cell receptor cross-reactivity directed by antigen-dependent tuning of peptide-MHC molecular flexibility.,Immunity,Oleg Y Borbulevych; Kurt H Piepenbrink; Brian E Gloor; Daniel R Scott; Ruth F Sommese; David K Cole; Andrew K Sewell; Brian M Baker,1850171,11.0,19.0,,transcriptional activator Tax,Human T-cell leukemia virus type I,Primate T-lymphotropic virus 1,surface plasmon resonance (SPR),dissociation constant KD,Positive,,9800.0,,,1850171_Ambiguous,,IEDB
FLLTRILTI,Clear,HLA-A*02:01,HLA-A*02:01,HLA-A*02:01,23251518,2012,Binding of TCR multimers and a TCR-like antibody with distinct fine-specificities is dependent on the surface density of HLA complexes.,PLoS One,Jianrong L Low; Anneta Naidoo; Gladys Yeo; Adam J Gehring; Zi Zong Ho; Yin Hoe Yau; Susana G Shochat; David M Kranz; Antonio Bertoletti; Gijsbert M Grotenbreg,1965485,183.0,191.0,,envelope protein,Hepatitis B virus,Hepatitis B virus,surface plasmon resonance (SPR),dissociation constant KD,Positive,=,600.0,,,1965485_Clear,,IEDB
KAFSPEVIPMF,Clear,HLA-B*57:03,HLA-B*57:03,HLA-B*57:03,23161907,2012,Structural features underlying T-cell receptor sensitivity to concealed MHC class I micropolymorphisms.,Proc Natl Acad Sci U S A,Guillaume B Stewart-Jones; Peter Simpson; P Anton van der Merwe; Philippa Easterbrook; Andrew J McMichael; Sarah L Rowland-Jones; E Yvonne Jones; Geraldine M Gillespie,1966215,17.0,27.0,,p24 protein,Human immunodeficiency virus 1,Human immunodeficiency virus 1,surface plasmon resonance (SPR),dissociation constant KD,Positive,,3000.0,,,1966215_Clear,,IEDB
KAFSPEVIPMF,Clear,HLA-B*57:01,HLA-B*57:01,HLA-B*57:01,23161907,2012,Structural features underlying T-cell receptor sensitivity to concealed MHC class I micropolymorphisms.,Proc Natl Acad Sci U S A,Guillaume B Stewart-Jones; Peter Simpson; P Anton van der Merwe; Philippa Easterbrook; Andrew J McMichael; Sarah L Rowland-Jones; E Yvonne Jones; Geraldine M Gillespie,1966216,17.0,27.0,,p24 protein,Human immunodeficiency virus 1,Human immunodeficiency virus 1,surface plasmon resonance (SPR),dissociation constant KD,Positive,,630.0,,,1966216_Clear,,IEDB
SLFNTVATL,Clear,HLA-A*02:01,HLA-A*02:01,HLA-A*02:01,15583017,2004,T cell cross-reactivity and conformational changes during TCR engagement.,J Exp Med,Jean K Lee; Guillaume Stewart-Jones; Tao Dong; Karl Harlos; Kati Di Gleria; Lucy Dorrell; Daniel C Douek; P Anton van der Merwe; E Yvonne Jones; Andrew J McMichael,1970957,38.0,46.0,,Gag protein,HIV-1 M:A,Human immunodeficiency virus 1,surface plasmon resonance (SPR),dissociation constant KD,Positive,,5200.0,,,1970957_Clear,,IEDB
SLFNTVATL,Clear,HLA-A*02:01,HLA-A*02:01,HLA-A*02:01,15583017,2004,T cell cross-reactivity and conformational changes during TCR engagement.,J Exp Med,Jean K Lee; Guillaume Stewart-Jones; Tao Dong; Karl Harlos; Kati Di Gleria; Lucy Dorrell; Daniel C Douek; P Anton van der Merwe; E Yvonne Jones; Andrew J McMichael,1970958,38.0,46.0,,Gag protein,HIV-1 M:A,Human immunodeficiency virus 1,surface plasmon resonance (SPR),dissociation constant KD,Positive,,2200.0,,,1970958_Clear,,IEDB
SLYNTVATL,Clear,HLA-A*02:01,HLA-A*02:01,HLA-A*02:01,15583017,2004,T cell cross-reactivity and conformational changes during TCR engagement.,J Exp Med,Jean K Lee; Guillaume Stewart-Jones; Tao Dong; Karl Harlos; Kati Di Gleria; Lucy Dorrell; Daniel C Douek; P Anton van der Merwe; E Yvonne Jones; Andrew J McMichael,1970959,38.0,46.0,,Gag protein,HIV-1 M:B,Human immunodeficiency virus 1,surface plasmon resonance (SPR),dissociation constant KD,Positive,,2200.0,,,1970959_Clear,,IEDB
SLYNTVATL,Clear,HLA-A*02:01,HLA-A*02:01,HLA-A*02:01,15583017,2004,T cell cross-reactivity and conformational changes during TCR engagement.,J Exp Med,Jean K Lee; Guillaume Stewart-Jones; Tao Dong; Karl Harlos; Kati Di Gleria; Lucy Dorrell; Daniel C Douek; P Anton van der Merwe; E Yvonne Jones; Andrew J McMichael,1971606,38.0,46.0,,Gag protein,HIV-1 M:B,Human immunodeficiency virus 1,surface plasmon resonance (SPR),dissociation constant KD,Positive,,5200.0,,,1971606_Clear,,IEDB
LLFGFPVYV + SCM(F5),Clear,HLA-A*02:01,HLA-A*02:01,HLA-A*02:01,19698083,2009,Fluorine substitutions in an antigenic peptide selectively modulate T-cell receptor binding in a minimally perturbing manner.,Biochem J,Kurt H Piepenbrink; Oleg Y Borbulevych; Ruth F Sommese; John Clemens; Kathryn M Armstrong; Clare Desmond; Priscilla Do; Brian M Baker,1975804,,,F5,,,,surface plasmon resonance (SPR),dissociation constant KD,Positive,,640.0,,,1975804_Clear,,IEDB
LLFGFPVYV + SCM(F5),Clear,HLA-A*02:01,HLA-A*02:01,HLA-A*02:01,19698083,2009,Fluorine substitutions in an antigenic peptide selectively modulate T-cell receptor binding in a minimally perturbing manner.,Biochem J,Kurt H Piepenbrink; Oleg Y Borbulevych; Ruth F Sommese; John Clemens; Kathryn M Armstrong; Clare Desmond; Priscilla Do; Brian M Baker,1975806,,,F5,,,,surface plasmon resonance (SPR),dissociation constant KD,Positive,,460.0,,,1975806_Clear,,IEDB
LLFGYPVYV,Clear,HLA-A*02:01,HLA-A*02:01,HLA-A*02:01,19698083,2009,Fluorine substitutions in an antigenic peptide selectively modulate T-cell receptor binding in a minimally perturbing manner.,Biochem J,Kurt H Piepenbrink; Oleg Y Borbulevych; Ruth F Sommese; John Clemens; Kathryn M Armstrong; Clare Desmond; Priscilla Do; Brian M Baker,1975819,11.0,19.0,,transcriptional activator Tax,Human T-cell leukemia virus type I,Primate T-lymphotropic virus 1,surface plasmon resonance (SPR),dissociation constant KD,Positive,,1200.0,,,1975819_Clear,,IEDB
LLFGFPVFV + SCM(F5),Clear,HLA-A*02:01,HLA-A*02:01,HLA-A*02:01,19698083,2009,Fluorine substitutions in an antigenic peptide selectively modulate T-cell receptor binding in a minimally perturbing manner.,Biochem J,Kurt H Piepenbrink; Oleg Y Borbulevych; Ruth F Sommese; John Clemens; Kathryn M Armstrong; Clare Desmond; Priscilla Do; Brian M Baker,1975826,,,F5,,,,surface plasmon resonance (SPR),dissociation constant KD,Positive,,10500.0,,,1975826_Clear,,IEDB
KRWIILGLNK,Clear,HLA-B*27:05,HLA-B*27:05,HLA-B*27:05,23521884,2013,A molecular basis for the control of preimmune escape variants by HIV-specific CD8+ T cells.,Immunity,Kristin Ladell; Masao Hashimoto; Maria Candela Iglesias; Pascal G Wilmann; James E McLaren; Stéphanie Gras; Takayuki Chikata; Nozomi Kuse; Solène Fastenackels; Emma Gostick; John S Bridgeman; Vanessa Venturi; Zaïna Aït Arkoub; Henri Agut; David J van Bockel; Jorge R Almeida; Daniel C Douek; Laurence Meyer; Alain Venet; Masafumi Takiguchi; Jamie Rossjohn; David A Price; Victor Appay,1975997,263.0,272.0,,Gag-Pol polyprotein,Human immunodeficiency virus 1,Human immunodeficiency virus 1,surface plasmon resonance (SPR),dissociation constant KD,Positive,,4580.0,,,1975997_Clear,,IEDB
KRWIIMGLNK,Clear,HLA-B*27:05,HLA-B*27:05,HLA-B*27:05,23521884,2013,A molecular basis for the control of preimmune escape variants by HIV-specific CD8+ T cells.,Immunity,Kristin Ladell; Masao Hashimoto; Maria Candela Iglesias; Pascal G Wilmann; James E McLaren; Stéphanie Gras; Takayuki Chikata; Nozomi Kuse; Solène Fastenackels; Emma Gostick; John S Bridgeman; Vanessa Venturi; Zaïna Aït Arkoub; Henri Agut; David J van Bockel; Jorge R Almeida; Daniel C Douek; Laurence Meyer; Alain Venet; Masafumi Takiguchi; Jamie Rossjohn; David A Price; Victor Appay,1977151,261.0,270.0,,gag protein,Human immunodeficiency virus 1,Human immunodeficiency virus 1,surface plasmon resonance (SPR),dissociation constant KD,Positive,,1100.0,,,1977151_Clear,,IEDB
LLFGYPVYV,Clear,HLA-A*02:01,HLA-A*02:01,HLA-A*02:01,23805144,2013,Increased Peptide Contacts Govern High Affinity Binding of a Modified TCR Whilst Maintaining a Native pMHC Docking Mode.,Front Immunol,David K Cole; Malkit Sami; Daniel R Scott; Pierre J Rizkallah; Oleg Y Borbulevych; Penio T Todorov; Ruth K Moysey; Bent K Jakobsen; Jonathan M Boulter; Brian M Baker; Yi Li,1983068,11.0,19.0,,Protein Tax-1,Human T-cell leukemia virus type I,Primate T-lymphotropic virus 1,surface plasmon resonance (SPR),dissociation constant KD,Positive-High,,4.0,,,1983068_Clear,,IEDB
LLFGYPVYV,Clear,HLA-A*02:01,HLA-A*02:01,HLA-A*02:01,23805144,2013,Increased Peptide Contacts Govern High Affinity Binding of a Modified TCR Whilst Maintaining a Native pMHC Docking Mode.,Front Immunol,David K Cole; Malkit Sami; Daniel R Scott; Pierre J Rizkallah; Oleg Y Borbulevych; Penio T Todorov; Ruth K Moysey; Bent K Jakobsen; Jonathan M Boulter; Brian M Baker; Yi Li,1983069,11.0,19.0,,Protein Tax-1,Human T-cell leukemia virus type I,Primate T-lymphotropic virus 1,surface plasmon resonance (SPR),dissociation constant KD,Positive-Intermediate,,3200.0,,,1983069_Clear,,IEDB
SLFNTIAVL,Clear,HLA-A*02:01,HLA-A*02:01,HLA-A*02:01,16388312,2006,Conflicting selective forces affect T cell receptor contacts in an immunodominant human immunodeficiency virus epitope.,Nat Immunol,Astrid K N Iversen; Guillaume Stewart-Jones; Gerald H Learn; Natasha Christie; Christina Sylvester-Hviid; Andrew E Armitage; Rupert Kaul; Tara Beattie; Jean K Lee; Yanping Li; Pojchong Chotiyarnwong; Tao Dong; Xiaoning Xu; Mark A Luscher; Kelly MacDonald; Henrik Ullum; Bente Klarlund-Pedersen; Peter Skinhøj; Lars Fugger; Søren Buus; James I Mullins; E Yvonne Jones; P Anton van der Merwe; Andrew J McMichael,1985759,7.0,15.0,,Gag protein,Human immunodeficiency virus 1,Human immunodeficiency virus 1,surface plasmon resonance (SPR),dissociation constant KD,Positive,,1600.0,,,1985759_Clear,,IEDB
SLFNTIATL,Clear,HLA-A*02:01,HLA-A*02:01,HLA-A*02:01,16388312,2006,Conflicting selective forces affect T cell receptor contacts in an immunodominant human immunodeficiency virus epitope.,Nat Immunol,Astrid K N Iversen; Guillaume Stewart-Jones; Gerald H Learn; Natasha Christie; Christina Sylvester-Hviid; Andrew E Armitage; Rupert Kaul; Tara Beattie; Jean K Lee; Yanping Li; Pojchong Chotiyarnwong; Tao Dong; Xiaoning Xu; Mark A Luscher; Kelly MacDonald; Henrik Ullum; Bente Klarlund-Pedersen; Peter Skinhøj; Lars Fugger; Søren Buus; James I Mullins; E Yvonne Jones; P Anton van der Merwe; Andrew J McMichael,1985760,77.0,85.0,,gag polyprotein,Human immunodeficiency virus 1,Human immunodeficiency virus 1,surface plasmon resonance (SPR),dissociation constant KD,Positive,,1800.0,,,1985760_Clear,,IEDB
SLFNTVATL,Clear,HLA-A*02:01,HLA-A*02:01,HLA-A*02:01,16388312,2006,Conflicting selective forces affect T cell receptor contacts in an immunodominant human immunodeficiency virus epitope.,Nat Immunol,Astrid K N Iversen; Guillaume Stewart-Jones; Gerald H Learn; Natasha Christie; Christina Sylvester-Hviid; Andrew E Armitage; Rupert Kaul; Tara Beattie; Jean K Lee; Yanping Li; Pojchong Chotiyarnwong; Tao Dong; Xiaoning Xu; Mark A Luscher; Kelly MacDonald; Henrik Ullum; Bente Klarlund-Pedersen; Peter Skinhøj; Lars Fugger; Søren Buus; James I Mullins; E Yvonne Jones; P Anton van der Merwe; Andrew J McMichael,1985761,77.0,85.0,,gag polyprotein,Human immunodeficiency virus 1,Human immunodeficiency virus 1,surface plasmon resonance (SPR),dissociation constant KD,Positive,,4600.0,,,1985761_Clear,,IEDB
RYPLTFGWCF,Clear,HLA-A*24:02,HLA-A*24:02,HLA-A*24:02,24192765,2013,Structure of TCR and antigen complexes at an immunodominant CTL epitope in HIV-1 infection.,Sci Rep,Akihisa Shimizu; Ai Kawana-Tachikawa; Atsushi Yamagata; Chungyong Han; Dayong Zhu; Yusuke Sato; Hitomi Nakamura; Tomohiko Koibuchi; Jonathan Carlson; Eric Martin; Chanson J Brumme; Yi Shi; George F Gao; Zabrina L Brumme; Shuya Fukai; Aikichi Iwamoto,2014605,134.0,143.0,,Nef protein,Human immunodeficiency virus 1,Human immunodeficiency virus 1,surface plasmon resonance (SPR),dissociation constant KD,Positive,,9700.0,,,2014605_Clear,,IEDB
RFPLTFGWCF,Clear,HLA-A*24:02,HLA-A*24:02,HLA-A*24:02,24192765,2013,Structure of TCR and antigen complexes at an immunodominant CTL epitope in HIV-1 infection.,Sci Rep,Akihisa Shimizu; Ai Kawana-Tachikawa; Atsushi Yamagata; Chungyong Han; Dayong Zhu; Yusuke Sato; Hitomi Nakamura; Tomohiko Koibuchi; Jonathan Carlson; Eric Martin; Chanson J Brumme; Yi Shi; George F Gao; Zabrina L Brumme; Shuya Fukai; Aikichi Iwamoto,2014608,143.0,152.0,,Nef protein,Human immunodeficiency virus 1,Human immunodeficiency virus 1,surface plasmon resonance (SPR),dissociation constant KD,Positive,,1600.0,,,2014608_Clear,,IEDB
HSKKKCDEL,Clear,HLA-B*08:01,HLA-B*08:01,HLA-B*08:01,25355921,2014,An extensive antigenic footprint underpins immunodominant TCR adaptability against a hypervariable viral determinant.,J Immunol,Usha K Nivarthi; Stephanie Gras; Lars Kjer-Nielsen; Richard Berry; Isabelle S Lucet; John J Miles; Samantha L Tracy; Anthony W Purcell; David S Bowden; Margaret Hellard; Jamie Rossjohn; James McCluskey; Mandvi Bharadwaj,2371190,1395.0,1403.0,,polyprotein,Hepacivirus C,Hepacivirus C,surface plasmon resonance (SPR),dissociation constant KD,Positive,,2480.0,,,2371190_Clear,,IEDB
HSKKKCDEL,Clear,HLA-B*08:01,HLA-B*08:01,HLA-B*08:01,25355921,2014,An extensive antigenic footprint underpins immunodominant TCR adaptability against a hypervariable viral determinant.,J Immunol,Usha K Nivarthi; Stephanie Gras; Lars Kjer-Nielsen; Richard Berry; Isabelle S Lucet; John J Miles; Samantha L Tracy; Anthony W Purcell; David S Bowden; Margaret Hellard; Jamie Rossjohn; James McCluskey; Mandvi Bharadwaj,2371191,1395.0,1403.0,,polyprotein,Hepacivirus C,Hepacivirus C,surface plasmon resonance (SPR),dissociation constant KD,Positive,,6590.0,,,2371191_Clear,,IEDB
HSRKKCDEL,Clear,HLA-B*08:01,HLA-B*08:01,HLA-B*08:01,25355921,2014,An extensive antigenic footprint underpins immunodominant TCR adaptability against a hypervariable viral determinant.,J Immunol,Usha K Nivarthi; Stephanie Gras; Lars Kjer-Nielsen; Richard Berry; Isabelle S Lucet; John J Miles; Samantha L Tracy; Anthony W Purcell; David S Bowden; Margaret Hellard; Jamie Rossjohn; James McCluskey; Mandvi Bharadwaj,2371192,1399.0,1407.0,,polyprotein,Hepatitis C virus subtype 2b,Hepacivirus C,surface plasmon resonance (SPR),dissociation constant KD,Positive,,6590.0,,,2371192_Clear,,IEDB
HSKKKCDEL,Clear,HLA-B*08:01,HLA-B*08:01,HLA-B*08:01,25355921,2014,An extensive antigenic footprint underpins immunodominant TCR adaptability against a hypervariable viral determinant.,J Immunol,Usha K Nivarthi; Stephanie Gras; Lars Kjer-Nielsen; Richard Berry; Isabelle S Lucet; John J Miles; Samantha L Tracy; Anthony W Purcell; David S Bowden; Margaret Hellard; Jamie Rossjohn; James McCluskey; Mandvi Bharadwaj,2371193,1395.0,1403.0,,polyprotein,Hepacivirus C,Hepacivirus C,surface plasmon resonance (SPR),dissociation constant KD,Positive,,3180.0,,,2371193_Clear,,IEDB
HSKKKCDEI,Clear,HLA-B*08:01,HLA-B*08:01,HLA-B*08:01,25355921,2014,An extensive antigenic footprint underpins immunodominant TCR adaptability against a hypervariable viral determinant.,J Immunol,Usha K Nivarthi; Stephanie Gras; Lars Kjer-Nielsen; Richard Berry; Isabelle S Lucet; John J Miles; Samantha L Tracy; Anthony W Purcell; David S Bowden; Margaret Hellard; Jamie Rossjohn; James McCluskey; Mandvi Bharadwaj,2371196,1401.0,1409.0,,polyprotein,Hepatitis C virus subtype 3a,Hepacivirus C,surface plasmon resonance (SPR),dissociation constant KD,Positive,,3180.0,,,2371196_Clear,,IEDB
KLVALGINAV,Clear,HLA-A*02:01,HLA-A*02:01,HLA-A*02:01,27902325,2017,Targeting naturally occurring epitope variants of hepatitis C virus with high-affinity T-cell receptors.,J Gen Virol,Huajun Zhang; Jianbing Zhang; Lei Chen; Zhiming Weng; Ye Tian; Haifeng Zhao; Youjia Li; Lin Chen; Zhaoduan Liang; Hongjun Zheng; Wenzhuo Zhao; Shi Zhong; Yi Li,3137859,33.0,42.0,,NS3,Hepacivirus C,Hepacivirus C,surface plasmon resonance (SPR),dissociation constant KD,Positive,=,6600.0,,,3137859_Clear,,IEDB
KLVALGINAV,Clear,HLA-A*02:01,HLA-A*02:01,HLA-A*02:01,27902325,2017,Targeting naturally occurring epitope variants of hepatitis C virus with high-affinity T-cell receptors.,J Gen Virol,Huajun Zhang; Jianbing Zhang; Lei Chen; Zhiming Weng; Ye Tian; Haifeng Zhao; Youjia Li; Lin Chen; Zhaoduan Liang; Hongjun Zheng; Wenzhuo Zhao; Shi Zhong; Yi Li,3138003,33.0,42.0,,NS3,Hepacivirus C,Hepacivirus C,surface plasmon resonance (SPR),dissociation constant KD,Positive,=,2.0,,,3138003_Clear,,IEDB
KLVALGINAV,Clear,HLA-A*02:01,HLA-A*02:01,HLA-A*02:01,27902325,2017,Targeting naturally occurring epitope variants of hepatitis C virus with high-affinity T-cell receptors.,J Gen Virol,Huajun Zhang; Jianbing Zhang; Lei Chen; Zhiming Weng; Ye Tian; Haifeng Zhao; Youjia Li; Lin Chen; Zhaoduan Liang; Hongjun Zheng; Wenzhuo Zhao; Shi Zhong; Yi Li,3138004,33.0,42.0,,NS3,Hepacivirus C,Hepacivirus C,surface plasmon resonance (SPR),dissociation constant KD,Positive,=,0.14,,,3138004_Clear,,IEDB
KLVALGINAV,Clear,HLA-A*02:01,HLA-A*02:01,HLA-A*02:01,27902325,2017,Targeting naturally occurring epitope variants of hepatitis C virus with high-affinity T-cell receptors.,J Gen Virol,Huajun Zhang; Jianbing Zhang; Lei Chen; Zhiming Weng; Ye Tian; Haifeng Zhao; Youjia Li; Lin Chen; Zhaoduan Liang; Hongjun Zheng; Wenzhuo Zhao; Shi Zhong; Yi Li,3138005,33.0,42.0,,NS3,Hepacivirus C,Hepacivirus C,surface plasmon resonance (SPR),dissociation constant KD,Positive,=,0.04,,,3138005_Clear,,IEDB
KLVVLGINAV,Clear,HLA-A*02:01,HLA-A*02:01,HLA-A*02:01,27902325,2017,Targeting naturally occurring epitope variants of hepatitis C virus with high-affinity T-cell receptors.,J Gen Virol,Huajun Zhang; Jianbing Zhang; Lei Chen; Zhiming Weng; Ye Tian; Haifeng Zhao; Youjia Li; Lin Chen; Zhaoduan Liang; Hongjun Zheng; Wenzhuo Zhao; Shi Zhong; Yi Li,3138013,1406.0,1415.0,,polyprotein [Hepatitis C virus subtype 1a],Hepacivirus C,Hepacivirus C,surface plasmon resonance (SPR),dissociation constant KD,Positive,=,240.0,,,3138013_Clear,,IEDB
KLVVLGINAV,Clear,HLA-A*02:01,HLA-A*02:01,HLA-A*02:01,27902325,2017,Targeting naturally occurring epitope variants of hepatitis C virus with high-affinity T-cell receptors.,J Gen Virol,Huajun Zhang; Jianbing Zhang; Lei Chen; Zhiming Weng; Ye Tian; Haifeng Zhao; Youjia Li; Lin Chen; Zhaoduan Liang; Hongjun Zheng; Wenzhuo Zhao; Shi Zhong; Yi Li,3138014,1406.0,1415.0,,polyprotein [Hepatitis C virus subtype 1a],Hepacivirus C,Hepacivirus C,surface plasmon resonance (SPR),dissociation constant KD,Positive,=,1.2,,,3138014_Clear,,IEDB
KLVVLGINAV,Clear,HLA-A*02:01,HLA-A*02:01,HLA-A*02:01,27902325,2017,Targeting naturally occurring epitope variants of hepatitis C virus with high-affinity T-cell receptors.,J Gen Virol,Huajun Zhang; Jianbing Zhang; Lei Chen; Zhiming Weng; Ye Tian; Haifeng Zhao; Youjia Li; Lin Chen; Zhaoduan Liang; Hongjun Zheng; Wenzhuo Zhao; Shi Zhong; Yi Li,3138015,1406.0,1415.0,,polyprotein [Hepatitis C virus subtype 1a],Hepacivirus C,Hepacivirus C,surface plasmon resonance (SPR),dissociation constant KD,Positive,=,1.7,,,3138015_Clear,,IEDB
KLKSLGLNAV,Clear,HLA-A*02:01,HLA-A*02:01,HLA-A*02:01,27902325,2017,Targeting naturally occurring epitope variants of hepatitis C virus with high-affinity T-cell receptors.,J Gen Virol,Huajun Zhang; Jianbing Zhang; Lei Chen; Zhiming Weng; Ye Tian; Haifeng Zhao; Youjia Li; Lin Chen; Zhaoduan Liang; Hongjun Zheng; Wenzhuo Zhao; Shi Zhong; Yi Li,3138681,1411.0,1420.0,,polyprotein,Hepacivirus C,Hepacivirus C,surface plasmon resonance (SPR),dissociation constant KD,Positive,=,66.0,,,3138681_Clear,,IEDB
KLKSLGLNAV,Clear,HLA-A*02:01,HLA-A*02:01,HLA-A*02:01,27902325,2017,Targeting naturally occurring epitope variants of hepatitis C virus with high-affinity T-cell receptors.,J Gen Virol,Huajun Zhang; Jianbing Zhang; Lei Chen; Zhiming Weng; Ye Tian; Haifeng Zhao; Youjia Li; Lin Chen; Zhaoduan Liang; Hongjun Zheng; Wenzhuo Zhao; Shi Zhong; Yi Li,3138682,1411.0,1420.0,,polyprotein,Hepacivirus C,Hepacivirus C,surface plasmon resonance (SPR),dissociation constant KD,Positive,=,8.6,,,3138682_Clear,,IEDB
KLKSLGLNAV,Clear,HLA-A*02:01,HLA-A*02:01,HLA-A*02:01,27902325,2017,Targeting naturally occurring epitope variants of hepatitis C virus with high-affinity T-cell receptors.,J Gen Virol,Huajun Zhang; Jianbing Zhang; Lei Chen; Zhiming Weng; Ye Tian; Haifeng Zhao; Youjia Li; Lin Chen; Zhaoduan Liang; Hongjun Zheng; Wenzhuo Zhao; Shi Zhong; Yi Li,3138683,1411.0,1420.0,,polyprotein,Hepacivirus C,Hepacivirus C,surface plasmon resonance (SPR),dissociation constant KD,Positive,=,0.78,,,3138683_Clear,,IEDB
KLSGLGINAV,Clear,HLA-A*02:01,HLA-A*02:01,HLA-A*02:01,27902325,2017,Targeting naturally occurring epitope variants of hepatitis C virus with high-affinity T-cell receptors.,J Gen Virol,Huajun Zhang; Jianbing Zhang; Lei Chen; Zhiming Weng; Ye Tian; Haifeng Zhao; Youjia Li; Lin Chen; Zhaoduan Liang; Hongjun Zheng; Wenzhuo Zhao; Shi Zhong; Yi Li,3138690,1406.0,1415.0,,polyprotein,Hepacivirus C,Hepacivirus C,surface plasmon resonance (SPR),dissociation constant KD,Positive,=,180.0,,,3138690_Clear,,IEDB
KLSGLGINAV,Clear,HLA-A*02:01,HLA-A*02:01,HLA-A*02:01,27902325,2017,Targeting naturally occurring epitope variants of hepatitis C virus with high-affinity T-cell receptors.,J Gen Virol,Huajun Zhang; Jianbing Zhang; Lei Chen; Zhiming Weng; Ye Tian; Haifeng Zhao; Youjia Li; Lin Chen; Zhaoduan Liang; Hongjun Zheng; Wenzhuo Zhao; Shi Zhong; Yi Li,3138691,1406.0,1415.0,,polyprotein,Hepacivirus C,Hepacivirus C,surface plasmon resonance (SPR),dissociation constant KD,Positive,=,54.0,,,3138691_Clear,,IEDB
KLSGLGINAV,Clear,HLA-A*02:01,HLA-A*02:01,HLA-A*02:01,27902325,2017,Targeting naturally occurring epitope variants of hepatitis C virus with high-affinity T-cell receptors.,J Gen Virol,Huajun Zhang; Jianbing Zhang; Lei Chen; Zhiming Weng; Ye Tian; Haifeng Zhao; Youjia Li; Lin Chen; Zhaoduan Liang; Hongjun Zheng; Wenzhuo Zhao; Shi Zhong; Yi Li,3138692,1406.0,1415.0,,polyprotein,Hepacivirus C,Hepacivirus C,surface plasmon resonance (SPR),dissociation constant KD,Positive,=,2.7,,,3138692_Clear,,IEDB
QLTSLGLNAV,Clear,HLA-A*02:01,HLA-A*02:01,HLA-A*02:01,27902325,2017,Targeting naturally occurring epitope variants of hepatitis C virus with high-affinity T-cell receptors.,J Gen Virol,Huajun Zhang; Jianbing Zhang; Lei Chen; Zhiming Weng; Ye Tian; Haifeng Zhao; Youjia Li; Lin Chen; Zhaoduan Liang; Hongjun Zheng; Wenzhuo Zhao; Shi Zhong; Yi Li,3138702,1406.0,1415.0,,polyprotein,Hepacivirus C,Hepacivirus C,surface plasmon resonance (SPR),dissociation constant KD,Positive,=,360.0,,,3138702_Clear,,IEDB
QLTSLGLNAV,Clear,HLA-A*02:01,HLA-A*02:01,HLA-A*02:01,27902325,2017,Targeting naturally occurring epitope variants of hepatitis C virus with high-affinity T-cell receptors.,J Gen Virol,Huajun Zhang; Jianbing Zhang; Lei Chen; Zhiming Weng; Ye Tian; Haifeng Zhao; Youjia Li; Lin Chen; Zhaoduan Liang; Hongjun Zheng; Wenzhuo Zhao; Shi Zhong; Yi Li,3138703,1406.0,1415.0,,polyprotein,Hepacivirus C,Hepacivirus C,surface plasmon resonance (SPR),dissociation constant KD,Positive,=,390.0,,,3138703_Clear,,IEDB
QLTSLGLNAV,Clear,HLA-A*02:01,HLA-A*02:01,HLA-A*02:01,27902325,2017,Targeting naturally occurring epitope variants of hepatitis C virus with high-affinity T-cell receptors.,J Gen Virol,Huajun Zhang; Jianbing Zhang; Lei Chen; Zhiming Weng; Ye Tian; Haifeng Zhao; Youjia Li; Lin Chen; Zhaoduan Liang; Hongjun Zheng; Wenzhuo Zhao; Shi Zhong; Yi Li,3138704,1406.0,1415.0,,polyprotein,Hepacivirus C,Hepacivirus C,surface plasmon resonance (SPR),dissociation constant KD,Positive,=,10.0,,,3138704_Clear,,IEDB
QLSSLGLNAV,Clear,HLA-A*02:01,HLA-A*02:01,HLA-A*02:01,27902325,2017,Targeting naturally occurring epitope variants of hepatitis C virus with high-affinity T-cell receptors.,J Gen Virol,Huajun Zhang; Jianbing Zhang; Lei Chen; Zhiming Weng; Ye Tian; Haifeng Zhao; Youjia Li; Lin Chen; Zhaoduan Liang; Hongjun Zheng; Wenzhuo Zhao; Shi Zhong; Yi Li,3138712,1406.0,1415.0,,polyprotein,Hepacivirus C,Hepacivirus C,surface plasmon resonance (SPR),dissociation constant KD,Positive,=,1100.0,,,3138712_Clear,,IEDB
QLSSLGLNAV,Clear,HLA-A*02:01,HLA-A*02:01,HLA-A*02:01,27902325,2017,Targeting naturally occurring epitope variants of hepatitis C virus with high-affinity T-cell receptors.,J Gen Virol,Huajun Zhang; Jianbing Zhang; Lei Chen; Zhiming Weng; Ye Tian; Haifeng Zhao; Youjia Li; Lin Chen; Zhaoduan Liang; Hongjun Zheng; Wenzhuo Zhao; Shi Zhong; Yi Li,3138713,1406.0,1415.0,,polyprotein,Hepacivirus C,Hepacivirus C,surface plasmon resonance (SPR),dissociation constant KD,Positive,=,640.0,,,3138713_Clear,,IEDB
QLSSLGLNAV,Clear,HLA-A*02:01,HLA-A*02:01,HLA-A*02:01,27902325,2017,Targeting naturally occurring epitope variants of hepatitis C virus with high-affinity T-cell receptors.,J Gen Virol,Huajun Zhang; Jianbing Zhang; Lei Chen; Zhiming Weng; Ye Tian; Haifeng Zhao; Youjia Li; Lin Chen; Zhaoduan Liang; Hongjun Zheng; Wenzhuo Zhao; Shi Zhong; Yi Li,3138714,1406.0,1415.0,,polyprotein,Hepacivirus C,Hepacivirus C,surface plasmon resonance (SPR),dissociation constant KD,Positive,=,23.0,,,3138714_Clear,,IEDB
QLRTLGLNAV,Clear,HLA-A*02:01,HLA-A*02:01,HLA-A*02:01,27902325,2017,Targeting naturally occurring epitope variants of hepatitis C virus with high-affinity T-cell receptors.,J Gen Virol,Huajun Zhang; Jianbing Zhang; Lei Chen; Zhiming Weng; Ye Tian; Haifeng Zhao; Youjia Li; Lin Chen; Zhaoduan Liang; Hongjun Zheng; Wenzhuo Zhao; Shi Zhong; Yi Li,3138724,1410.0,1419.0,,polyprotein precursor,Hepacivirus C,Hepacivirus C,surface plasmon resonance (SPR),dissociation constant KD,Positive,=,13000.0,,,3138724_Clear,,IEDB
QLRTLGLNAV,Clear,HLA-A*02:01,HLA-A*02:01,HLA-A*02:01,27902325,2017,Targeting naturally occurring epitope variants of hepatitis C virus with high-affinity T-cell receptors.,J Gen Virol,Huajun Zhang; Jianbing Zhang; Lei Chen; Zhiming Weng; Ye Tian; Haifeng Zhao; Youjia Li; Lin Chen; Zhaoduan Liang; Hongjun Zheng; Wenzhuo Zhao; Shi Zhong; Yi Li,3138725,1410.0,1419.0,,polyprotein precursor,Hepacivirus C,Hepacivirus C,surface plasmon resonance (SPR),dissociation constant KD,Positive,=,11000.0,,,3138725_Clear,,IEDB
QLRTLGLNAV,Clear,HLA-A*02:01,HLA-A*02:01,HLA-A*02:01,27902325,2017,Targeting naturally occurring epitope variants of hepatitis C virus with high-affinity T-cell receptors.,J Gen Virol,Huajun Zhang; Jianbing Zhang; Lei Chen; Zhiming Weng; Ye Tian; Haifeng Zhao; Youjia Li; Lin Chen; Zhaoduan Liang; Hongjun Zheng; Wenzhuo Zhao; Shi Zhong; Yi Li,3138726,1410.0,1419.0,,polyprotein precursor,Hepacivirus C,Hepacivirus C,surface plasmon resonance (SPR),dissociation constant KD,Positive,=,410.0,,,3138726_Clear,,IEDB
QLRSLGLNAV,Clear,HLA-A*02:01,HLA-A*02:01,HLA-A*02:01,27902325,2017,Targeting naturally occurring epitope variants of hepatitis C virus with high-affinity T-cell receptors.,J Gen Virol,Huajun Zhang; Jianbing Zhang; Lei Chen; Zhiming Weng; Ye Tian; Haifeng Zhao; Youjia Li; Lin Chen; Zhaoduan Liang; Hongjun Zheng; Wenzhuo Zhao; Shi Zhong; Yi Li,3138736,1411.0,1420.0,,polyprotein,Hepacivirus C,Hepacivirus C,surface plasmon resonance (SPR),dissociation constant KD,Positive,=,1000.0,,,3138736_Clear,,IEDB
ALRGMGVNAV,Clear,HLA-A*02:01,HLA-A*02:01,HLA-A*02:01,27902325,2017,Targeting naturally occurring epitope variants of hepatitis C virus with high-affinity T-cell receptors.,J Gen Virol,Huajun Zhang; Jianbing Zhang; Lei Chen; Zhiming Weng; Ye Tian; Haifeng Zhao; Youjia Li; Lin Chen; Zhaoduan Liang; Hongjun Zheng; Wenzhuo Zhao; Shi Zhong; Yi Li,3138747,1410.0,1419.0,,polyprotein,Hepacivirus C,Hepacivirus C,surface plasmon resonance (SPR),dissociation constant KD,Positive,=,1000.0,,,3138747_Clear,,IEDB
LLFGYPVYV,Clear,HLA-A*02:01,HLA-A*02:01,HLA-A*02:01,23805144,2013,Increased Peptide Contacts Govern High Affinity Binding of a Modified TCR Whilst Maintaining a Native pMHC Docking Mode.,Front Immunol,David K Cole; Malkit Sami; Daniel R Scott; Pierre J Rizkallah; Oleg Y Borbulevych; Penio T Todorov; Ruth K Moysey; Bent K Jakobsen; Jonathan M Boulter; Brian M Baker; Yi Li,3373329,11.0,19.0,,Protein Tax-1,Human T-cell leukemia virus type I,Primate T-lymphotropic virus 1,surface plasmon resonance (SPR),dissociation constant KD,Positive-Intermediate,,1900.0,,,3373329_Clear,,IEDB
LLFGYPVYV,Clear,HLA-A*02:01,HLA-A*02:01,HLA-A*02:01,23805144,2013,Increased Peptide Contacts Govern High Affinity Binding of a Modified TCR Whilst Maintaining a Native pMHC Docking Mode.,Front Immunol,David K Cole; Malkit Sami; Daniel R Scott; Pierre J Rizkallah; Oleg Y Borbulevych; Penio T Todorov; Ruth K Moysey; Bent K Jakobsen; Jonathan M Boulter; Brian M Baker; Yi Li,3373336,11.0,19.0,,Protein Tax-1,Human T-cell leukemia virus type I,Primate T-lymphotropic virus 1,surface plasmon resonance (SPR),dissociation constant KD,Positive-Intermediate,,1800.0,,,3373336_Clear,,IEDB
LLFGYPVYV,Clear,HLA-A*02:01,HLA-A*02:01,HLA-A*02:01,23805144,2013,Increased Peptide Contacts Govern High Affinity Binding of a Modified TCR Whilst Maintaining a Native pMHC Docking Mode.,Front Immunol,David K Cole; Malkit Sami; Daniel R Scott; Pierre J Rizkallah; Oleg Y Borbulevych; Penio T Todorov; Ruth K Moysey; Bent K Jakobsen; Jonathan M Boulter; Brian M Baker; Yi Li,3373339,11.0,19.0,,Protein Tax-1,Human T-cell leukemia virus type I,Primate T-lymphotropic virus 1,surface plasmon resonance (SPR),dissociation constant KD,Positive-High,,9.4,,,3373339_Clear,,IEDB
LLFGYPVYV,Clear,HLA-A*02:01,HLA-A*02:01,HLA-A*02:01,23805144,2013,Increased Peptide Contacts Govern High Affinity Binding of a Modified TCR Whilst Maintaining a Native pMHC Docking Mode.,Front Immunol,David K Cole; Malkit Sami; Daniel R Scott; Pierre J Rizkallah; Oleg Y Borbulevych; Penio T Todorov; Ruth K Moysey; Bent K Jakobsen; Jonathan M Boulter; Brian M Baker; Yi Li,3382414,11.0,19.0,,Protein Tax-1,Human T-cell leukemia virus type I,Primate T-lymphotropic virus 1,surface plasmon resonance (SPR),dissociation constant KD,Positive-High,,4.4,,,3382414_Clear,,IEDB
LLFGYPVYV,Clear,HLA-A*02:01,HLA-A*02:01,HLA-A*02:01,23805144,2013,Increased Peptide Contacts Govern High Affinity Binding of a Modified TCR Whilst Maintaining a Native pMHC Docking Mode.,Front Immunol,David K Cole; Malkit Sami; Daniel R Scott; Pierre J Rizkallah; Oleg Y Borbulevych; Penio T Todorov; Ruth K Moysey; Bent K Jakobsen; Jonathan M Boulter; Brian M Baker; Yi Li,3382417,11.0,19.0,,Protein Tax-1,Human T-cell leukemia virus type I,Primate T-lymphotropic virus 1,surface plasmon resonance (SPR),dissociation constant KD,Positive-High,,8.0,,,3382417_Clear,,IEDB
LLFGYPVYV,Clear,HLA-A*02:01,HLA-A*02:01,HLA-A*02:01,11238586,2001,Identification of a crucial energetic footprint on the alpha1 helix of human histocompatibility leukocyte antigen (HLA)-A2 that provides functional interactions for recognition by tax peptide/HLA-A2-specific T cell receptors.,J Exp Med,B M Baker; R V Turner; S J Gagnon; D C Wiley; W E Biddison,3465627,11.0,19.0,,transcriptional activator Tax,Human T-cell leukemia virus type I,Primate T-lymphotropic virus 1,surface plasmon resonance (SPR),dissociation constant KD,Positive,,910.0,,,3465627_Clear,,IEDB
LLFGYPVYV,Ambiguous,HLA-A*02:01 R65A mutant,HLA-A*02:01 R65A mutant,HLA-A*02:01 R65A mutant,11238586,2001,Identification of a crucial energetic footprint on the alpha1 helix of human histocompatibility leukocyte antigen (HLA)-A2 that provides functional interactions for recognition by tax peptide/HLA-A2-specific T cell receptors.,J Exp Med,B M Baker; R V Turner; S J Gagnon; D C Wiley; W E Biddison,3465641,11.0,19.0,,transcriptional activator Tax,Human T-cell leukemia virus type I,Primate T-lymphotropic virus 1,surface plasmon resonance (SPR),dissociation constant KD,Positive,,8400.0,,,3465641_Ambiguous,,IEDB
LLFGYPVYV,Ambiguous,HLA-A*02:01 A69G mutant,HLA-A*02:01 A69G mutant,HLA-A*02:01 A69G mutant,11238586,2001,Identification of a crucial energetic footprint on the alpha1 helix of human histocompatibility leukocyte antigen (HLA)-A2 that provides functional interactions for recognition by tax peptide/HLA-A2-specific T cell receptors.,J Exp Med,B M Baker; R V Turner; S J Gagnon; D C Wiley; W E Biddison,3465643,11.0,19.0,,transcriptional activator Tax,Human T-cell leukemia virus type I,Primate T-lymphotropic virus 1,surface plasmon resonance (SPR),dissociation constant KD,Positive,,9600.0,,,3465643_Ambiguous,,IEDB
LLFGYPVYV,Ambiguous,HLA-A*02:01 T163A mutant,HLA-A*02:01 T163A mutant,HLA-A*02:01 T163A mutant,11238586,2001,Identification of a crucial energetic footprint on the alpha1 helix of human histocompatibility leukocyte antigen (HLA)-A2 that provides functional interactions for recognition by tax peptide/HLA-A2-specific T cell receptors.,J Exp Med,B M Baker; R V Turner; S J Gagnon; D C Wiley; W E Biddison,3465644,11.0,19.0,,transcriptional activator Tax,Human T-cell leukemia virus type I,Primate T-lymphotropic virus 1,surface plasmon resonance (SPR),dissociation constant KD,Positive,,3100.0,,,3465644_Ambiguous,,IEDB
LLFGYPVYV,Ambiguous,HLA-A*02:01 E166A mutant,HLA-A*02:01 E166A mutant,HLA-A*02:01 E166A mutant,11238586,2001,Identification of a crucial energetic footprint on the alpha1 helix of human histocompatibility leukocyte antigen (HLA)-A2 that provides functional interactions for recognition by tax peptide/HLA-A2-specific T cell receptors.,J Exp Med,B M Baker; R V Turner; S J Gagnon; D C Wiley; W E Biddison,3465645,11.0,19.0,,transcriptional activator Tax,Human T-cell leukemia virus type I,Primate T-lymphotropic virus 1,surface plasmon resonance (SPR),dissociation constant KD,Positive,,4000.0,,,3465645_Ambiguous,,IEDB
LLFGYPVYV,Ambiguous,HLA-A*02:01 W167A mutant,HLA-A*02:01 W167A mutant,HLA-A*02:01 W167A mutant,11238586,2001,Identification of a crucial energetic footprint on the alpha1 helix of human histocompatibility leukocyte antigen (HLA)-A2 that provides functional interactions for recognition by tax peptide/HLA-A2-specific T cell receptors.,J Exp Med,B M Baker; R V Turner; S J Gagnon; D C Wiley; W E Biddison,3465646,11.0,19.0,,transcriptional activator Tax,Human T-cell leukemia virus type I,Primate T-lymphotropic virus 1,surface plasmon resonance (SPR),dissociation constant KD,Positive,,6900.0,,,3465646_Ambiguous,,IEDB
LLFGYPVYV,Clear,HLA-A*02:01,HLA-A*02:01,HLA-A*02:01,15670602,2005,Two different T cell receptors use different thermodynamic strategies to recognize the same peptide/MHC ligand.,J Mol Biol,Rebecca L Davis-Harrison; Kathryn M Armstrong; Brian M Baker,3467647,11.0,19.0,,transcriptional activator Tax,Human T-cell leukemia virus type I,Primate T-lymphotropic virus 1,surface plasmon resonance (SPR),dissociation constant KD,Positive,,2230.0,,,3467647_Clear,,IEDB
LLFGFPVYV,Clear,HLA-A*02:01,HLA-A*02:01,HLA-A*02:01,15670602,2005,Two different T cell receptors use different thermodynamic strategies to recognize the same peptide/MHC ligand.,J Mol Biol,Rebecca L Davis-Harrison; Kathryn M Armstrong; Brian M Baker,3467658,,,,,,,surface plasmon resonance (SPR),dissociation constant KD,Positive,,6490.0,,,3467658_Clear,,IEDB
LLFGFPVYV,Clear,HLA-A*02:01,HLA-A*02:01,HLA-A*02:01,15670602,2005,Two different T cell receptors use different thermodynamic strategies to recognize the same peptide/MHC ligand.,J Mol Biol,Rebecca L Davis-Harrison; Kathryn M Armstrong; Brian M Baker,3467659,,,,,,,surface plasmon resonance (SPR),dissociation constant KD,Positive,,2790.0,,,3467659_Clear,,IEDB
GTSGSPIVNR,Clear,HLA-A*11:01,HLA-A*11:01,HLA-A*11:01,28945243,2017,Germline bias dictates cross-serotype reactivity in a common dengue-virus-specific CD8&lt;sup&gt;+&lt;/sup&gt; T cell response.,Nat Immunol,Abigail Culshaw; Kristin Ladell; Stephanie Gras; James E McLaren; Kelly L Miners; Carine Farenc; Heleen van den Heuvel; Emma Gostick; Wanwisa Dejnirattisai; Apirath Wangteeraprasert; Thaneeya Duangchinda; Pojchong Chotiyarnwong; Wannee Limpitikul; Sirijitt Vasanawathana; Prida Malasit; Tao Dong; Jamie Rossjohn; Juthathip Mongkolsapaya; David A Price; Gavin R Screaton,3620429,133.0,142.0,,nonstructural protein 3,dengue virus type I,Dengue virus,surface plasmon resonance (SPR),dissociation constant KD,Positive,,7350.0,,,3620429_Clear,,IEDB
GTSGSPIINR,Clear,HLA-A*11:01,HLA-A*11:01,HLA-A*11:01,28945243,2017,Germline bias dictates cross-serotype reactivity in a common dengue-virus-specific CD8&lt;sup&gt;+&lt;/sup&gt; T cell response.,Nat Immunol,Abigail Culshaw; Kristin Ladell; Stephanie Gras; James E McLaren; Kelly L Miners; Carine Farenc; Heleen van den Heuvel; Emma Gostick; Wanwisa Dejnirattisai; Apirath Wangteeraprasert; Thaneeya Duangchinda; Pojchong Chotiyarnwong; Wannee Limpitikul; Sirijitt Vasanawathana; Prida Malasit; Tao Dong; Jamie Rossjohn; Juthathip Mongkolsapaya; David A Price; Gavin R Screaton,3620430,133.0,142.0,,Nonstructural protein NS3,Dengue virus type 3,Dengue virus,surface plasmon resonance (SPR),dissociation constant KD,Positive,,9750.0,,,3620430_Clear,,IEDB
GTSGAPIVNR,Clear,HLA-A*11:01,HLA-A*11:01,HLA-A*11:01,28945243,2017,Germline bias dictates cross-serotype reactivity in a common dengue-virus-specific CD8&lt;sup&gt;+&lt;/sup&gt; T cell response.,Nat Immunol,Abigail Culshaw; Kristin Ladell; Stephanie Gras; James E McLaren; Kelly L Miners; Carine Farenc; Heleen van den Heuvel; Emma Gostick; Wanwisa Dejnirattisai; Apirath Wangteeraprasert; Thaneeya Duangchinda; Pojchong Chotiyarnwong; Wannee Limpitikul; Sirijitt Vasanawathana; Prida Malasit; Tao Dong; Jamie Rossjohn; Juthathip Mongkolsapaya; David A Price; Gavin R Screaton,3633321,,,,,,,surface plasmon resonance (SPR),dissociation constant KD,Positive,,12700.0,,,3633321_Clear,,IEDB
SLYNTVATL,Clear,HLA-A*02:01,HLA-A*02:01,HLA-A*02:01,29209312,2017,Dual Molecular Mechanisms Govern Escape at Immunodominant HLA A2-Restricted HIV Epitope.,Front Immunol,David K Cole; Anna Fuller; Garry Dolton; Efthalia Zervoudi; Mateusz Legut; Kim Miles; Lori Blanchfield; Florian Madura; Christopher J Holland; Anna M Bulek; John S Bridgeman; John J Miles; Andrea J A Schauenburg; Konrad Beck; Brian D Evavold; Pierre J Rizkallah; Andrew K Sewell,3794650,77.0,85.0,,Gag polyprotein,HIV-1 M:B_HXB2R,Human immunodeficiency virus 1,surface plasmon resonance (SPR),dissociation constant KD,Positive,,82.0,,,3794650_Clear,,IEDB
SLYNTIATL,Clear,HLA-A*02:01,HLA-A*02:01,HLA-A*02:01,29209312,2017,Dual Molecular Mechanisms Govern Escape at Immunodominant HLA A2-Restricted HIV Epitope.,Front Immunol,David K Cole; Anna Fuller; Garry Dolton; Efthalia Zervoudi; Mateusz Legut; Kim Miles; Lori Blanchfield; Florian Madura; Christopher J Holland; Anna M Bulek; John S Bridgeman; John J Miles; Andrea J A Schauenburg; Konrad Beck; Brian D Evavold; Pierre J Rizkallah; Andrew K Sewell,3794653,77.0,85.0,,gag protein,Human immunodeficiency virus 1,Human immunodeficiency virus 1,surface plasmon resonance (SPR),dissociation constant KD,Positive,,38.0,,,3794653_Clear,,IEDB
SLFNTIAVL,Clear,HLA-A*02:01,HLA-A*02:01,HLA-A*02:01,29209312,2017,Dual Molecular Mechanisms Govern Escape at Immunodominant HLA A2-Restricted HIV Epitope.,Front Immunol,David K Cole; Anna Fuller; Garry Dolton; Efthalia Zervoudi; Mateusz Legut; Kim Miles; Lori Blanchfield; Florian Madura; Christopher J Holland; Anna M Bulek; John S Bridgeman; John J Miles; Andrea J A Schauenburg; Konrad Beck; Brian D Evavold; Pierre J Rizkallah; Andrew K Sewell,3794654,77.0,85.0,,gag protein,Human immunodeficiency virus 1,Human immunodeficiency virus 1,surface plasmon resonance (SPR),dissociation constant KD,Positive,,1770.0,,,3794654_Clear,,IEDB
RYPLTFGWCF,Clear,HLA-A*24:02,HLA-A*24:02,HLA-A*24:02,28615212,2017,Conserved V&delta;1 Binding Geometry in a Setting of Locus-Disparate pHLA Recognition by &delta;/&alpha;&beta; T Cell Receptors (TCRs): Insight into Recognition of HIV Peptides by TCRs.,J Virol,Yi Shi; Ai Kawana-Tachikawa; Feng Gao; Jianxun Qi; Chuansheng Liu; Jia Gao; Hao Cheng; Takamasa Ueno; Aikichi Iwamoto; George F Gao,3799139,134.0,143.0,,Nef protein,Human immunodeficiency virus 1,Human immunodeficiency virus 1,surface plasmon resonance (SPR),dissociation constant KD,Positive,,1060.0,,,3799139_Clear,,IEDB
IPLTEEAEL,Clear,HLA-B*35:01,HLA-B*35:01,HLA-B*35:01,28615212,2017,Conserved V&delta;1 Binding Geometry in a Setting of Locus-Disparate pHLA Recognition by &delta;/&alpha;&beta; T Cell Receptors (TCRs): Insight into Recognition of HIV Peptides by TCRs.,J Virol,Yi Shi; Ai Kawana-Tachikawa; Feng Gao; Jianxun Qi; Chuansheng Liu; Jia Gao; Hao Cheng; Takamasa Ueno; Aikichi Iwamoto; George F Gao,3799141,392.0,400.0,,pol protein,Human immunodeficiency virus 2,Human immunodeficiency virus 2,surface plasmon resonance (SPR),dissociation constant KD,Positive,,270.0,,,3799141_Clear,,IEDB
RFYKTLRAEQASQ,Clear/Ambiguous,HLA-DRA*01:01/DRB1*11:01,HLA-DRA*01:01/DRB1*11:01,HLA-DRA*01:01/DRB1*11:01,29884618,2018,CD4&lt;sup&gt;+&lt;/sup&gt; T cell-mediated HLA class II cross-restriction in HIV controllers.,Sci Immunol,Moran Galperin; Carine Farenc; Madhura Mukhopadhyay; Dhilshan Jayasinghe; Amandine Decroos; Daniela Benati; Li Lynn Tan; Lisa Ciacchi; Hugh H Reid; Jamie Rossjohn; Lisa A Chakrabarti; Stephanie Gras,3968840,299.0,311.0,,Gag polyprotein,HIV-1 M:B_HXB2R,Human immunodeficiency virus 1,surface plasmon resonance (SPR),dissociation constant KD,Positive,,1160.0,,,3968840_Clear/Ambiguous,,IEDB
RFYKTLRAEQASQ,Clear,HLA-DRB1*15:02,HLA-DRB1*15:02,HLA-DRB1*15:02,29884618,2018,CD4&lt;sup&gt;+&lt;/sup&gt; T cell-mediated HLA class II cross-restriction in HIV controllers.,Sci Immunol,Moran Galperin; Carine Farenc; Madhura Mukhopadhyay; Dhilshan Jayasinghe; Amandine Decroos; Daniela Benati; Li Lynn Tan; Lisa Ciacchi; Hugh H Reid; Jamie Rossjohn; Lisa A Chakrabarti; Stephanie Gras,3968843,299.0,311.0,,Gag polyprotein,HIV-1 M:B_HXB2R,Human immunodeficiency virus 1,surface plasmon resonance (SPR),dissociation constant KD,Positive,,6900.0,,,3968843_Clear,,IEDB
RFYKTLRAEQASQ,Clear/Ambiguous,HLA-DRA*01:01/DRB1*11:01,HLA-DRA*01:01/DRB1*11:01,HLA-DRA*01:01/DRB1*11:01,29884618,2018,CD4&lt;sup&gt;+&lt;/sup&gt; T cell-mediated HLA class II cross-restriction in HIV controllers.,Sci Immunol,Moran Galperin; Carine Farenc; Madhura Mukhopadhyay; Dhilshan Jayasinghe; Amandine Decroos; Daniela Benati; Li Lynn Tan; Lisa Ciacchi; Hugh H Reid; Jamie Rossjohn; Lisa A Chakrabarti; Stephanie Gras,3968846,299.0,311.0,,Gag polyprotein,HIV-1 M:B_HXB2R,Human immunodeficiency virus 1,surface plasmon resonance (SPR),dissociation constant KD,Positive,,10560.0,,,3968846_Clear/Ambiguous,,IEDB
RFYKTLRAEQASQ,Clear/Ambiguous,HLA-DRA*01:01/DRB1*11:01,HLA-DRA*01:01/DRB1*11:01,HLA-DRA*01:01/DRB1*11:01,29884618,2018,CD4&lt;sup&gt;+&lt;/sup&gt; T cell-mediated HLA class II cross-restriction in HIV controllers.,Sci Immunol,Moran Galperin; Carine Farenc; Madhura Mukhopadhyay; Dhilshan Jayasinghe; Amandine Decroos; Daniela Benati; Li Lynn Tan; Lisa Ciacchi; Hugh H Reid; Jamie Rossjohn; Lisa A Chakrabarti; Stephanie Gras,3968858,299.0,311.0,,Gag polyprotein,HIV-1 M:B_HXB2R,Human immunodeficiency virus 1,surface plasmon resonance (SPR),dissociation constant KD,Positive,,5360.0,,,3968858_Clear/Ambiguous,,IEDB
FRDYVDRFYKTLRAEQASQE,Clear/Ambiguous,HLA-DRA*01:01/DRB1*11:01,HLA-DRA*01:01/DRB1*11:01,HLA-DRA*01:01/DRB1*11:01,29884618,2018,CD4&lt;sup&gt;+&lt;/sup&gt; T cell-mediated HLA class II cross-restriction in HIV controllers.,Sci Immunol,Moran Galperin; Carine Farenc; Madhura Mukhopadhyay; Dhilshan Jayasinghe; Amandine Decroos; Daniela Benati; Li Lynn Tan; Lisa Ciacchi; Hugh H Reid; Jamie Rossjohn; Lisa A Chakrabarti; Stephanie Gras,3968867,293.0,312.0,,Gag polyprotein,HIV-1 M:B_HXB2R,Human immunodeficiency virus 1,surface plasmon resonance (SPR),dissociation constant KD,Positive,,860.0,,,3968867_Clear/Ambiguous,,IEDB
FRDYVDRFYKTLRAEQASQE,Clear/Ambiguous,HLA-DRA*01:01/DRB1*01:01,HLA-DRA*01:01/DRB1*01:01,HLA-DRA*01:01/DRB1*01:01,29884618,2018,CD4&lt;sup&gt;+&lt;/sup&gt; T cell-mediated HLA class II cross-restriction in HIV controllers.,Sci Immunol,Moran Galperin; Carine Farenc; Madhura Mukhopadhyay; Dhilshan Jayasinghe; Amandine Decroos; Daniela Benati; Li Lynn Tan; Lisa Ciacchi; Hugh H Reid; Jamie Rossjohn; Lisa A Chakrabarti; Stephanie Gras,3968870,293.0,312.0,,Gag polyprotein,HIV-1 M:B_HXB2R,Human immunodeficiency virus 1,surface plasmon resonance (SPR),dissociation constant KD,Positive,,6970.0,,,3968870_Clear/Ambiguous,,IEDB
FRDYVDRFYKTLRAEQASQE,Clear,HLA-DRB1*15:02,HLA-DRB1*15:02,HLA-DRB1*15:02,29884618,2018,CD4&lt;sup&gt;+&lt;/sup&gt; T cell-mediated HLA class II cross-restriction in HIV controllers.,Sci Immunol,Moran Galperin; Carine Farenc; Madhura Mukhopadhyay; Dhilshan Jayasinghe; Amandine Decroos; Daniela Benati; Li Lynn Tan; Lisa Ciacchi; Hugh H Reid; Jamie Rossjohn; Lisa A Chakrabarti; Stephanie Gras,3968877,293.0,312.0,,Gag polyprotein,HIV-1 M:B_HXB2R,Human immunodeficiency virus 1,surface plasmon resonance (SPR),dissociation constant KD,Positive,,5090.0,,,3968877_Clear,,IEDB
FRDYVDRFYKTLRAEQASQE,Clear/Ambiguous,HLA-DRA*01:01/DRB5*01:01,HLA-DRA*01:01/DRB5*01:01,HLA-DRA*01:01/DRB5*01:01,29884618,2018,CD4&lt;sup&gt;+&lt;/sup&gt; T cell-mediated HLA class II cross-restriction in HIV controllers.,Sci Immunol,Moran Galperin; Carine Farenc; Madhura Mukhopadhyay; Dhilshan Jayasinghe; Amandine Decroos; Daniela Benati; Li Lynn Tan; Lisa Ciacchi; Hugh H Reid; Jamie Rossjohn; Lisa A Chakrabarti; Stephanie Gras,3968880,293.0,312.0,,Gag polyprotein,HIV-1 M:B_HXB2R,Human immunodeficiency virus 1,surface plasmon resonance (SPR),dissociation constant KD,Positive,,2580.0,,,3968880_Clear/Ambiguous,,IEDB
FRDYVDRFYKTLRAEQASQE,Clear/Ambiguous,HLA-DRA*01:01/DRB1*11:01,HLA-DRA*01:01/DRB1*11:01,HLA-DRA*01:01/DRB1*11:01,29884618,2018,CD4&lt;sup&gt;+&lt;/sup&gt; T cell-mediated HLA class II cross-restriction in HIV controllers.,Sci Immunol,Moran Galperin; Carine Farenc; Madhura Mukhopadhyay; Dhilshan Jayasinghe; Amandine Decroos; Daniela Benati; Li Lynn Tan; Lisa Ciacchi; Hugh H Reid; Jamie Rossjohn; Lisa A Chakrabarti; Stephanie Gras,3968885,293.0,312.0,,Gag polyprotein,HIV-1 M:B_HXB2R,Human immunodeficiency virus 1,surface plasmon resonance (SPR),dissociation constant KD,Positive,,3580.0,,,3968885_Clear/Ambiguous,,IEDB
FRDYVDRFYKTLRAEQASQE,Clear/Ambiguous,HLA-DRA*01:01/DRB1*11:01,HLA-DRA*01:01/DRB1*11:01,HLA-DRA*01:01/DRB1*11:01,29884618,2018,CD4&lt;sup&gt;+&lt;/sup&gt; T cell-mediated HLA class II cross-restriction in HIV controllers.,Sci Immunol,Moran Galperin; Carine Farenc; Madhura Mukhopadhyay; Dhilshan Jayasinghe; Amandine Decroos; Daniela Benati; Li Lynn Tan; Lisa Ciacchi; Hugh H Reid; Jamie Rossjohn; Lisa A Chakrabarti; Stephanie Gras,3968888,293.0,312.0,,Gag polyprotein,HIV-1 M:B_HXB2R,Human immunodeficiency virus 1,surface plasmon resonance (SPR),dissociation constant KD,Positive,,11060.0,,,3968888_Clear/Ambiguous,,IEDB
IPLTEEAEL,Clear,HLA-B*35:01,HLA-B*35:01,HLA-B*35:01,30053426,2018,Isolation of a Structural Mechanism for Uncoupling T Cell Receptor Signaling from Peptide-MHC Binding.,Cell,Leah V Sibener; Ricardo A Fernandes; Elizabeth M Kolawole; Catherine B Carbone; Fan Liu; Darren McAffee; Michael E Birnbaum; Xinbo Yang; Laura F Su; Wong Yu; Shen Dong; Marvin H Gee; Kevin M Jude; Mark M Davis; Jay T Groves; William A Goddard 3rd; James R Heath; Brian D Evavold; Ronald D Vale; K Christopher Garcia,4140722,392.0,400.0,,"pol protein, partial",Human immunodeficiency virus 1,Human immunodeficiency virus 1,surface plasmon resonance (SPR),dissociation constant KD,Positive,,4000.0,,,4140722_Clear,,IEDB
VPLTEDAEL,Clear,HLA-B*35:01,HLA-B*35:01,HLA-B*35:01,30053426,2018,Isolation of a Structural Mechanism for Uncoupling T Cell Receptor Signaling from Peptide-MHC Binding.,Cell,Leah V Sibener; Ricardo A Fernandes; Elizabeth M Kolawole; Catherine B Carbone; Fan Liu; Darren McAffee; Michael E Birnbaum; Xinbo Yang; Laura F Su; Wong Yu; Shen Dong; Marvin H Gee; Kevin M Jude; Mark M Davis; Jay T Groves; William A Goddard 3rd; James R Heath; Brian D Evavold; Ronald D Vale; K Christopher Garcia,4140737,448.0,456.0,,"pol protein, partial [Human immunodeficiency virus 1]",Human immunodeficiency virus 1,Human immunodeficiency virus 1,surface plasmon resonance (SPR),dissociation constant KD,Positive,,500.0,,,4140737_Clear,,IEDB
VPLTEDSIL,Clear,HLA-B*35:01,HLA-B*35:01,HLA-B*35:01,30053426,2018,Isolation of a Structural Mechanism for Uncoupling T Cell Receptor Signaling from Peptide-MHC Binding.,Cell,Leah V Sibener; Ricardo A Fernandes; Elizabeth M Kolawole; Catherine B Carbone; Fan Liu; Darren McAffee; Michael E Birnbaum; Xinbo Yang; Laura F Su; Wong Yu; Shen Dong; Marvin H Gee; Kevin M Jude; Mark M Davis; Jay T Groves; William A Goddard 3rd; James R Heath; Brian D Evavold; Ronald D Vale; K Christopher Garcia,4140739,,,,,,,surface plasmon resonance (SPR),dissociation constant KD,Positive,,930.0,,,4140739_Clear,,IEDB
VPLTEDSLL,Clear,HLA-B*35:01,HLA-B*35:01,HLA-B*35:01,30053426,2018,Isolation of a Structural Mechanism for Uncoupling T Cell Receptor Signaling from Peptide-MHC Binding.,Cell,Leah V Sibener; Ricardo A Fernandes; Elizabeth M Kolawole; Catherine B Carbone; Fan Liu; Darren McAffee; Michael E Birnbaum; Xinbo Yang; Laura F Su; Wong Yu; Shen Dong; Marvin H Gee; Kevin M Jude; Mark M Davis; Jay T Groves; William A Goddard 3rd; James R Heath; Brian D Evavold; Ronald D Vale; K Christopher Garcia,4140741,,,,,,,surface plasmon resonance (SPR),dissociation constant KD,Positive,,1100.0,,,4140741_Clear,,IEDB
VPVTEDIDL,Clear,HLA-B*35:01,HLA-B*35:01,HLA-B*35:01,30053426,2018,Isolation of a Structural Mechanism for Uncoupling T Cell Receptor Signaling from Peptide-MHC Binding.,Cell,Leah V Sibener; Ricardo A Fernandes; Elizabeth M Kolawole; Catherine B Carbone; Fan Liu; Darren McAffee; Michael E Birnbaum; Xinbo Yang; Laura F Su; Wong Yu; Shen Dong; Marvin H Gee; Kevin M Jude; Mark M Davis; Jay T Groves; William A Goddard 3rd; James R Heath; Brian D Evavold; Ronald D Vale; K Christopher Garcia,4140743,,,,,,,surface plasmon resonance (SPR),dissociation constant KD,Positive,,2500.0,,,4140743_Clear,,IEDB
VPLVEDSIF,Clear,HLA-B*35:01,HLA-B*35:01,HLA-B*35:01,30053426,2018,Isolation of a Structural Mechanism for Uncoupling T Cell Receptor Signaling from Peptide-MHC Binding.,Cell,Leah V Sibener; Ricardo A Fernandes; Elizabeth M Kolawole; Catherine B Carbone; Fan Liu; Darren McAffee; Michael E Birnbaum; Xinbo Yang; Laura F Su; Wong Yu; Shen Dong; Marvin H Gee; Kevin M Jude; Mark M Davis; Jay T Groves; William A Goddard 3rd; James R Heath; Brian D Evavold; Ronald D Vale; K Christopher Garcia,4140745,,,,,,,surface plasmon resonance (SPR),dissociation constant KD,Positive,,2700.0,,,4140745_Clear,,IEDB
VPVIEDATL,Clear,HLA-B*35:01,HLA-B*35:01,HLA-B*35:01,30053426,2018,Isolation of a Structural Mechanism for Uncoupling T Cell Receptor Signaling from Peptide-MHC Binding.,Cell,Leah V Sibener; Ricardo A Fernandes; Elizabeth M Kolawole; Catherine B Carbone; Fan Liu; Darren McAffee; Michael E Birnbaum; Xinbo Yang; Laura F Su; Wong Yu; Shen Dong; Marvin H Gee; Kevin M Jude; Mark M Davis; Jay T Groves; William A Goddard 3rd; James R Heath; Brian D Evavold; Ronald D Vale; K Christopher Garcia,4140747,,,,,,,surface plasmon resonance (SPR),dissociation constant KD,Positive,,7750.0,,,4140747_Clear,,IEDB
VPITEDSQL,Clear,HLA-B*35:01,HLA-B*35:01,HLA-B*35:01,30053426,2018,Isolation of a Structural Mechanism for Uncoupling T Cell Receptor Signaling from Peptide-MHC Binding.,Cell,Leah V Sibener; Ricardo A Fernandes; Elizabeth M Kolawole; Catherine B Carbone; Fan Liu; Darren McAffee; Michael E Birnbaum; Xinbo Yang; Laura F Su; Wong Yu; Shen Dong; Marvin H Gee; Kevin M Jude; Mark M Davis; Jay T Groves; William A Goddard 3rd; James R Heath; Brian D Evavold; Ronald D Vale; K Christopher Garcia,4140749,,,,,,,surface plasmon resonance (SPR),dissociation constant KD,Positive-Intermediate,,12600.0,,,4140749_Clear,,IEDB
VPLTEDALL,Clear,HLA-B*35:01,HLA-B*35:01,HLA-B*35:01,30053426,2018,Isolation of a Structural Mechanism for Uncoupling T Cell Receptor Signaling from Peptide-MHC Binding.,Cell,Leah V Sibener; Ricardo A Fernandes; Elizabeth M Kolawole; Catherine B Carbone; Fan Liu; Darren McAffee; Michael E Birnbaum; Xinbo Yang; Laura F Su; Wong Yu; Shen Dong; Marvin H Gee; Kevin M Jude; Mark M Davis; Jay T Groves; William A Goddard 3rd; James R Heath; Brian D Evavold; Ronald D Vale; K Christopher Garcia,4140765,,,,,,,surface plasmon resonance (SPR),dissociation constant KD,Positive,,1000.0,,,4140765_Clear,,IEDB
LLFGYPVYV,Clear,HLA-A*02:01,HLA-A*02:01,HLA-A*02:01,20681514,2010,Combinations of affinity-enhancing mutations in a T cell receptor reveal highly nonadditive effects within and between complementarity determining regions and chains.,Biochemistry,Brian G Pierce; Jaafar N Haidar; Yong Yu; Zhiping Weng,4563283,11.0,19.0,,transcriptional activator Tax,Human T-cell leukemia virus type I,Primate T-lymphotropic virus 1,surface plasmon resonance (SPR),dissociation constant KD,Positive,,2100.0,,,4563283_Clear,,IEDB
LLFGYPVYV,Clear,HLA-A*02:01,HLA-A*02:01,HLA-A*02:01,20681514,2010,Combinations of affinity-enhancing mutations in a T cell receptor reveal highly nonadditive effects within and between complementarity determining regions and chains.,Biochemistry,Brian G Pierce; Jaafar N Haidar; Yong Yu; Zhiping Weng,4563284,11.0,19.0,,transcriptional activator Tax,Human T-cell leukemia virus type I,Primate T-lymphotropic virus 1,surface plasmon resonance (SPR),dissociation constant KD,Positive,,1100.0,,,4563284_Clear,,IEDB
LLFGYPVYV,Clear,HLA-A*02:01,HLA-A*02:01,HLA-A*02:01,20681514,2010,Combinations of affinity-enhancing mutations in a T cell receptor reveal highly nonadditive effects within and between complementarity determining regions and chains.,Biochemistry,Brian G Pierce; Jaafar N Haidar; Yong Yu; Zhiping Weng,4563392,11.0,19.0,,transcriptional activator Tax,Human T-cell leukemia virus type I,Primate T-lymphotropic virus 1,surface plasmon resonance (SPR),dissociation constant KD,Positive,,460.0,,,4563392_Clear,,IEDB
LLFGYPVYV,Clear,HLA-A*02:01,HLA-A*02:01,HLA-A*02:01,20681514,2010,Combinations of affinity-enhancing mutations in a T cell receptor reveal highly nonadditive effects within and between complementarity determining regions and chains.,Biochemistry,Brian G Pierce; Jaafar N Haidar; Yong Yu; Zhiping Weng,4563393,11.0,19.0,,transcriptional activator Tax,Human T-cell leukemia virus type I,Primate T-lymphotropic virus 1,surface plasmon resonance (SPR),dissociation constant KD,Positive,,890.0,,,4563393_Clear,,IEDB
LLFGYPVYV,Clear,HLA-A*02:01,HLA-A*02:01,HLA-A*02:01,20681514,2010,Combinations of affinity-enhancing mutations in a T cell receptor reveal highly nonadditive effects within and between complementarity determining regions and chains.,Biochemistry,Brian G Pierce; Jaafar N Haidar; Yong Yu; Zhiping Weng,4563394,11.0,19.0,,transcriptional activator Tax,Human T-cell leukemia virus type I,Primate T-lymphotropic virus 1,surface plasmon resonance (SPR),dissociation constant KD,Positive,,370.0,,,4563394_Clear,,IEDB
LLFGYPVYV,Clear,HLA-A*02:01,HLA-A*02:01,HLA-A*02:01,20681514,2010,Combinations of affinity-enhancing mutations in a T cell receptor reveal highly nonadditive effects within and between complementarity determining regions and chains.,Biochemistry,Brian G Pierce; Jaafar N Haidar; Yong Yu; Zhiping Weng,4563395,11.0,19.0,,transcriptional activator Tax,Human T-cell leukemia virus type I,Primate T-lymphotropic virus 1,surface plasmon resonance (SPR),dissociation constant KD,Positive,,540.0,,,4563395_Clear,,IEDB
LLFGYPVYV,Clear,HLA-A*02:01,HLA-A*02:01,HLA-A*02:01,20681514,2010,Combinations of affinity-enhancing mutations in a T cell receptor reveal highly nonadditive effects within and between complementarity determining regions and chains.,Biochemistry,Brian G Pierce; Jaafar N Haidar; Yong Yu; Zhiping Weng,4563396,11.0,19.0,,transcriptional activator Tax,Human T-cell leukemia virus type I,Primate T-lymphotropic virus 1,surface plasmon resonance (SPR),dissociation constant KD,Positive,,110.0,,,4563396_Clear,,IEDB
LLFGYPVYV,Clear,HLA-A*02:01,HLA-A*02:01,HLA-A*02:01,20681514,2010,Combinations of affinity-enhancing mutations in a T cell receptor reveal highly nonadditive effects within and between complementarity determining regions and chains.,Biochemistry,Brian G Pierce; Jaafar N Haidar; Yong Yu; Zhiping Weng,4563397,11.0,19.0,,transcriptional activator Tax,Human T-cell leukemia virus type I,Primate T-lymphotropic virus 1,surface plasmon resonance (SPR),dissociation constant KD,Positive,,58.0,,,4563397_Clear,,IEDB
LLFGYPVYV,Clear,HLA-A*02:01,HLA-A*02:01,HLA-A*02:01,20681514,2010,Combinations of affinity-enhancing mutations in a T cell receptor reveal highly nonadditive effects within and between complementarity determining regions and chains.,Biochemistry,Brian G Pierce; Jaafar N Haidar; Yong Yu; Zhiping Weng,4563398,11.0,19.0,,transcriptional activator Tax,Human T-cell leukemia virus type I,Primate T-lymphotropic virus 1,surface plasmon resonance (SPR),dissociation constant KD,Positive,,140.0,,,4563398_Clear,,IEDB
LLFGYPVYV,Clear,HLA-A*02:01,HLA-A*02:01,HLA-A*02:01,20681514,2010,Combinations of affinity-enhancing mutations in a T cell receptor reveal highly nonadditive effects within and between complementarity determining regions and chains.,Biochemistry,Brian G Pierce; Jaafar N Haidar; Yong Yu; Zhiping Weng,4563399,11.0,19.0,,transcriptional activator Tax,Human T-cell leukemia virus type I,Primate T-lymphotropic virus 1,surface plasmon resonance (SPR),dissociation constant KD,Positive,,100.0,,,4563399_Clear,,IEDB
LLFGYPVYV,Clear,HLA-A*02:01,HLA-A*02:01,HLA-A*02:01,20681514,2010,Combinations of affinity-enhancing mutations in a T cell receptor reveal highly nonadditive effects within and between complementarity determining regions and chains.,Biochemistry,Brian G Pierce; Jaafar N Haidar; Yong Yu; Zhiping Weng,4563400,11.0,19.0,,transcriptional activator Tax,Human T-cell leukemia virus type I,Primate T-lymphotropic virus 1,surface plasmon resonance (SPR),dissociation constant KD,Positive,,21.0,,,4563400_Clear,,IEDB
LLFGYPVYV,Clear,HLA-A*02:01,HLA-A*02:01,HLA-A*02:01,20681514,2010,Combinations of affinity-enhancing mutations in a T cell receptor reveal highly nonadditive effects within and between complementarity determining regions and chains.,Biochemistry,Brian G Pierce; Jaafar N Haidar; Yong Yu; Zhiping Weng,4563401,11.0,19.0,,transcriptional activator Tax,Human T-cell leukemia virus type I,Primate T-lymphotropic virus 1,surface plasmon resonance (SPR),dissociation constant KD,Positive,,340.0,,,4563401_Clear,,IEDB
LLFGYPVYV,Clear,HLA-A*02:01,HLA-A*02:01,HLA-A*02:01,20681514,2010,Combinations of affinity-enhancing mutations in a T cell receptor reveal highly nonadditive effects within and between complementarity determining regions and chains.,Biochemistry,Brian G Pierce; Jaafar N Haidar; Yong Yu; Zhiping Weng,4563404,11.0,19.0,,transcriptional activator Tax,Human T-cell leukemia virus type I,Primate T-lymphotropic virus 1,surface plasmon resonance (SPR),dissociation constant KD,Positive,,260.0,,,4563404_Clear,,IEDB
LLFGYPVYV,Clear,HLA-A*02:01,HLA-A*02:01,HLA-A*02:01,20681514,2010,Combinations of affinity-enhancing mutations in a T cell receptor reveal highly nonadditive effects within and between complementarity determining regions and chains.,Biochemistry,Brian G Pierce; Jaafar N Haidar; Yong Yu; Zhiping Weng,4563405,11.0,19.0,,transcriptional activator Tax,Human T-cell leukemia virus type I,Primate T-lymphotropic virus 1,surface plasmon resonance (SPR),dissociation constant KD,Positive,,240.0,,,4563405_Clear,,IEDB
LLFGYPVYV,Clear,HLA-A*02:01,HLA-A*02:01,HLA-A*02:01,20681514,2010,Combinations of affinity-enhancing mutations in a T cell receptor reveal highly nonadditive effects within and between complementarity determining regions and chains.,Biochemistry,Brian G Pierce; Jaafar N Haidar; Yong Yu; Zhiping Weng,4563406,11.0,19.0,,transcriptional activator Tax,Human T-cell leukemia virus type I,Primate T-lymphotropic virus 1,surface plasmon resonance (SPR),dissociation constant KD,Positive,,150.0,,,4563406_Clear,,IEDB
LLFGYPVYV,Clear,HLA-A*02:01,HLA-A*02:01,HLA-A*02:01,20681514,2010,Combinations of affinity-enhancing mutations in a T cell receptor reveal highly nonadditive effects within and between complementarity determining regions and chains.,Biochemistry,Brian G Pierce; Jaafar N Haidar; Yong Yu; Zhiping Weng,4563407,11.0,19.0,,transcriptional activator Tax,Human T-cell leukemia virus type I,Primate T-lymphotropic virus 1,surface plasmon resonance (SPR),dissociation constant KD,Positive,,360.0,,,4563407_Clear,,IEDB
LLFGYPVYV,Clear,HLA-A*02:01,HLA-A*02:01,HLA-A*02:01,20681514,2010,Combinations of affinity-enhancing mutations in a T cell receptor reveal highly nonadditive effects within and between complementarity determining regions and chains.,Biochemistry,Brian G Pierce; Jaafar N Haidar; Yong Yu; Zhiping Weng,4563408,11.0,19.0,,transcriptional activator Tax,Human T-cell leukemia virus type I,Primate T-lymphotropic virus 1,surface plasmon resonance (SPR),dissociation constant KD,Positive,,5.3,,,4563408_Clear,,IEDB
LLFGYPVYV,Clear,HLA-A*02:01,HLA-A*02:01,HLA-A*02:01,20681514,2010,Combinations of affinity-enhancing mutations in a T cell receptor reveal highly nonadditive effects within and between complementarity determining regions and chains.,Biochemistry,Brian G Pierce; Jaafar N Haidar; Yong Yu; Zhiping Weng,4563409,11.0,19.0,,transcriptional activator Tax,Human T-cell leukemia virus type I,Primate T-lymphotropic virus 1,surface plasmon resonance (SPR),dissociation constant KD,Positive,,2.8,,,4563409_Clear,,IEDB
LLFGYPVYV,Clear,HLA-A*02:01,HLA-A*02:01,HLA-A*02:01,20681514,2010,Combinations of affinity-enhancing mutations in a T cell receptor reveal highly nonadditive effects within and between complementarity determining regions and chains.,Biochemistry,Brian G Pierce; Jaafar N Haidar; Yong Yu; Zhiping Weng,4563410,11.0,19.0,,transcriptional activator Tax,Human T-cell leukemia virus type I,Primate T-lymphotropic virus 1,surface plasmon resonance (SPR),dissociation constant KD,Positive,,3.1,,,4563410_Clear,,IEDB
LLFGYPVYV,Clear,HLA-A*02:01,HLA-A*02:01,HLA-A*02:01,20681514,2010,Combinations of affinity-enhancing mutations in a T cell receptor reveal highly nonadditive effects within and between complementarity determining regions and chains.,Biochemistry,Brian G Pierce; Jaafar N Haidar; Yong Yu; Zhiping Weng,4563411,11.0,19.0,,transcriptional activator Tax,Human T-cell leukemia virus type I,Primate T-lymphotropic virus 1,surface plasmon resonance (SPR),dissociation constant KD,Positive,,2.6,,,4563411_Clear,,IEDB
LLFGYPVYV,Clear,HLA-A*02:01,HLA-A*02:01,HLA-A*02:01,20681514,2010,Combinations of affinity-enhancing mutations in a T cell receptor reveal highly nonadditive effects within and between complementarity determining regions and chains.,Biochemistry,Brian G Pierce; Jaafar N Haidar; Yong Yu; Zhiping Weng,4563412,11.0,19.0,,transcriptional activator Tax,Human T-cell leukemia virus type I,Primate T-lymphotropic virus 1,surface plasmon resonance (SPR),dissociation constant KD,Positive,,2.3,,,4563412_Clear,,IEDB
LLFGYPVYV,Clear,HLA-A*02:01,HLA-A*02:01,HLA-A*02:01,20681514,2010,Combinations of affinity-enhancing mutations in a T cell receptor reveal highly nonadditive effects within and between complementarity determining regions and chains.,Biochemistry,Brian G Pierce; Jaafar N Haidar; Yong Yu; Zhiping Weng,4563413,11.0,19.0,,transcriptional activator Tax,Human T-cell leukemia virus type I,Primate T-lymphotropic virus 1,surface plasmon resonance (SPR),dissociation constant KD,Positive,,4.0,,,4563413_Clear,,IEDB
LLFGYPVYV,Clear,HLA-A*02:01,HLA-A*02:01,HLA-A*02:01,20681514,2010,Combinations of affinity-enhancing mutations in a T cell receptor reveal highly nonadditive effects within and between complementarity determining regions and chains.,Biochemistry,Brian G Pierce; Jaafar N Haidar; Yong Yu; Zhiping Weng,4563618,11.0,19.0,,transcriptional activator Tax,Human T-cell leukemia virus type I,Primate T-lymphotropic virus 1,surface plasmon resonance (SPR),dissociation constant KD,Positive,,6.2,,,4563618_Clear,,IEDB
LLFGYPVYV,Clear,HLA-A*02:01,HLA-A*02:01,HLA-A*02:01,15723046,2005,Directed evolution of human T-cell receptors with picomolar affinities by phage display.,Nat Biotechnol,Yi Li; Ruth Moysey; Peter E Molloy; Anne-Lise Vuidepot; Tara Mahon; Emma Baston; Steven Dunn; Nathaniel Liddy; Jansen Jacob; Bent K Jakobsen; Jonathan M Boulter,5018757,11.0,19.0,,transcriptional activator Tax,Human T-cell leukemia virus type I,Primate T-lymphotropic virus 1,surface plasmon resonance (SPR),dissociation constant KD,Positive,,1800.0,,,5018757_Clear,,IEDB
LLFGYPVYV,Clear,HLA-A*02:01,HLA-A*02:01,HLA-A*02:01,15723046,2005,Directed evolution of human T-cell receptors with picomolar affinities by phage display.,Nat Biotechnol,Yi Li; Ruth Moysey; Peter E Molloy; Anne-Lise Vuidepot; Tara Mahon; Emma Baston; Steven Dunn; Nathaniel Liddy; Jansen Jacob; Bent K Jakobsen; Jonathan M Boulter,5018758,11.0,19.0,,transcriptional activator Tax,Human T-cell leukemia virus type I,Primate T-lymphotropic virus 1,surface plasmon resonance (SPR),dissociation constant KD,Positive,,2.5,,,5018758_Clear,,IEDB
LLFGYPVYV,Clear,HLA-A*02:01,HLA-A*02:01,HLA-A*02:01,15723046,2005,Directed evolution of human T-cell receptors with picomolar affinities by phage display.,Nat Biotechnol,Yi Li; Ruth Moysey; Peter E Molloy; Anne-Lise Vuidepot; Tara Mahon; Emma Baston; Steven Dunn; Nathaniel Liddy; Jansen Jacob; Bent K Jakobsen; Jonathan M Boulter,5018759,11.0,19.0,,transcriptional activator Tax,Human T-cell leukemia virus type I,Primate T-lymphotropic virus 1,surface plasmon resonance (SPR),dissociation constant KD,Positive,,106.0,,,5018759_Clear,,IEDB
LLFGYPVYV,Clear,HLA-A*02:01,HLA-A*02:01,HLA-A*02:01,15723046,2005,Directed evolution of human T-cell receptors with picomolar affinities by phage display.,Nat Biotechnol,Yi Li; Ruth Moysey; Peter E Molloy; Anne-Lise Vuidepot; Tara Mahon; Emma Baston; Steven Dunn; Nathaniel Liddy; Jansen Jacob; Bent K Jakobsen; Jonathan M Boulter,5018760,11.0,19.0,,transcriptional activator Tax,Human T-cell leukemia virus type I,Primate T-lymphotropic virus 1,surface plasmon resonance (SPR),dissociation constant KD,Positive,,420.0,,,5018760_Clear,,IEDB
LLFGYPVYV,Clear,HLA-A*02:01,HLA-A*02:01,HLA-A*02:01,15723046,2005,Directed evolution of human T-cell receptors with picomolar affinities by phage display.,Nat Biotechnol,Yi Li; Ruth Moysey; Peter E Molloy; Anne-Lise Vuidepot; Tara Mahon; Emma Baston; Steven Dunn; Nathaniel Liddy; Jansen Jacob; Bent K Jakobsen; Jonathan M Boulter,5018761,11.0,19.0,,transcriptional activator Tax,Human T-cell leukemia virus type I,Primate T-lymphotropic virus 1,surface plasmon resonance (SPR),dissociation constant KD,Positive,,1500.0,,,5018761_Clear,,IEDB
LLFGYPVYV,Clear,HLA-A*02:01,HLA-A*02:01,HLA-A*02:01,33074657,2020,An Engineered T Cell Receptor Variant Realizes the Limits of Functional Binding Modes.,Biochemistry,Nishant K Singh; Jesus A Alonso; Daniel T Harris; Scott D Anderson; Jiaqi Ma; Lance M Hellman; Aaron M Rosenberg; Elizabeth M Kolawole; Brian D Evavold; David M Kranz; Brian M Baker,12206744,11.0,19.0,,Protein Tax-1,Human T-cell leukemia virus type I,Primate T-lymphotropic virus 1,surface plasmon resonance (SPR),dissociation constant KD,Positive,,8900.0,,,12206744_Clear,,IEDB
RMFPNAPYL,Clear,HLA-A*02:01,HLA-A*02:01,HLA-A*02:01,33074657,2020,An Engineered T Cell Receptor Variant Realizes the Limits of Functional Binding Modes.,Biochemistry,Nishant K Singh; Jesus A Alonso; Daniel T Harris; Scott D Anderson; Jiaqi Ma; Lance M Hellman; Aaron M Rosenberg; Elizabeth M Kolawole; Brian D Evavold; David M Kranz; Brian M Baker,12206753,126.0,134.0,,Wilms tumor protein,Homo sapiens,Homo sapiens,surface plasmon resonance (SPR),dissociation constant KD,Positive,,7100.0,,,12206753_Clear,,IEDB
KLVALGINAV,Clear,HLA-A*02:01,HLA-A*02:01,HLA-A*02:01,33074657,2020,An Engineered T Cell Receptor Variant Realizes the Limits of Functional Binding Modes.,Biochemistry,Nishant K Singh; Jesus A Alonso; Daniel T Harris; Scott D Anderson; Jiaqi Ma; Lance M Hellman; Aaron M Rosenberg; Elizabeth M Kolawole; Brian D Evavold; David M Kranz; Brian M Baker,12206754,33.0,42.0,,NS3,Hepacivirus C,Hepacivirus C,surface plasmon resonance (SPR),dissociation constant KD,Positive,,4500.0,,,12206754_Clear,,IEDB
ELAGIGILTV,Clear,HLA-A*02:01,HLA-A*02:01,HLA-A*02:01,33074657,2020,An Engineered T Cell Receptor Variant Realizes the Limits of Functional Binding Modes.,Biochemistry,Nishant K Singh; Jesus A Alonso; Daniel T Harris; Scott D Anderson; Jiaqi Ma; Lance M Hellman; Aaron M Rosenberg; Elizabeth M Kolawole; Brian D Evavold; David M Kranz; Brian M Baker,12206755,,,,,,,surface plasmon resonance (SPR),dissociation constant KD,Positive,,14500.0,,,12206755_Clear,,IEDB
LLFGYPVYV,Clear,HLA-A*02:01,HLA-A*02:01,HLA-A*02:01,33074657,2020,An Engineered T Cell Receptor Variant Realizes the Limits of Functional Binding Modes.,Biochemistry,Nishant K Singh; Jesus A Alonso; Daniel T Harris; Scott D Anderson; Jiaqi Ma; Lance M Hellman; Aaron M Rosenberg; Elizabeth M Kolawole; Brian D Evavold; David M Kranz; Brian M Baker,12206756,11.0,19.0,,Protein Tax-1,Human T-cell leukemia virus type I,Primate T-lymphotropic virus 1,surface plasmon resonance (SPR),dissociation constant KD,Positive,,4500.0,,,12206756_Clear,,IEDB
LLFGYPVYV,Clear,HLA-A*02:01,HLA-A*02:01,HLA-A*02:01,33074657,2020,An Engineered T Cell Receptor Variant Realizes the Limits of Functional Binding Modes.,Biochemistry,Nishant K Singh; Jesus A Alonso; Daniel T Harris; Scott D Anderson; Jiaqi Ma; Lance M Hellman; Aaron M Rosenberg; Elizabeth M Kolawole; Brian D Evavold; David M Kranz; Brian M Baker,12206757,11.0,19.0,,Protein Tax-1,Human T-cell leukemia virus type I,Primate T-lymphotropic virus 1,surface plasmon resonance (SPR),dissociation constant KD,Positive,,7100.0,,,12206757_Clear,,IEDB
LLFGYPVYV,Clear,HLA-A*02:01,HLA-A*02:01,HLA-A*02:01,33074657,2020,An Engineered T Cell Receptor Variant Realizes the Limits of Functional Binding Modes.,Biochemistry,Nishant K Singh; Jesus A Alonso; Daniel T Harris; Scott D Anderson; Jiaqi Ma; Lance M Hellman; Aaron M Rosenberg; Elizabeth M Kolawole; Brian D Evavold; David M Kranz; Brian M Baker,12206762,11.0,19.0,,Protein Tax-1,Human T-cell leukemia virus type I,Primate T-lymphotropic virus 1,surface plasmon resonance (SPR),dissociation constant KD,Positive,,4500.0,,,12206762_Clear,,IEDB
LLFGYPVYV,Clear,HLA-A*02:01,HLA-A*02:01,HLA-A*02:01,33074657,2020,An Engineered T Cell Receptor Variant Realizes the Limits of Functional Binding Modes.,Biochemistry,Nishant K Singh; Jesus A Alonso; Daniel T Harris; Scott D Anderson; Jiaqi Ma; Lance M Hellman; Aaron M Rosenberg; Elizabeth M Kolawole; Brian D Evavold; David M Kranz; Brian M Baker,12206764,11.0,19.0,,Protein Tax-1,Human T-cell leukemia virus type I,Primate T-lymphotropic virus 1,surface plasmon resonance (SPR),dissociation constant KD,Positive,,14500.0,,,12206764_Clear,,IEDB
LLFGYPVYV,Clear,HLA-A*02:01,HLA-A*02:01,HLA-A*02:01,33074657,2020,An Engineered T Cell Receptor Variant Realizes the Limits of Functional Binding Modes.,Biochemistry,Nishant K Singh; Jesus A Alonso; Daniel T Harris; Scott D Anderson; Jiaqi Ma; Lance M Hellman; Aaron M Rosenberg; Elizabeth M Kolawole; Brian D Evavold; David M Kranz; Brian M Baker,12206776,11.0,19.0,,Protein Tax-1,Human T-cell leukemia virus type I,Primate T-lymphotropic virus 1,surface plasmon resonance (SPR),dissociation constant KD,Positive,,42.0,,,12206776_Clear,,IEDB
ILSPFLPLL,Clear,HLA-A*02:01,HLA-A*02:01,HLA-A*02:01,33323464,2020,In vivo therapeutic effects of affinity-improved-TCR engineered T-cells on HBV-related hepatocellular carcinoma.,J Immunother Cancer,Qi Liu; Ye Tian; Yanyan Li; Wei Zhang; Wenxuan Cai; Yaju Liu; Yuefei Ren; Zhaoduan Liang; Peipei Zhou; Yajing Zhang; Yifeng Bao; Yi Li,12801544,371.0,379.0,,Major surface antigen precursor,hepatitis B virus genotype C,Hepatitis B virus,surface plasmon resonance (SPR),dissociation constant KD,Positive,,3400.0,,,12801544_Clear,,IEDB
ILSPFLPLL,Clear,HLA-A*02:01,HLA-A*02:01,HLA-A*02:01,33323464,2020,In vivo therapeutic effects of affinity-improved-TCR engineered T-cells on HBV-related hepatocellular carcinoma.,J Immunother Cancer,Qi Liu; Ye Tian; Yanyan Li; Wei Zhang; Wenxuan Cai; Yaju Liu; Yuefei Ren; Zhaoduan Liang; Peipei Zhou; Yajing Zhang; Yifeng Bao; Yi Li,12801545,371.0,379.0,,Major surface antigen precursor,hepatitis B virus genotype C,Hepatitis B virus,surface plasmon resonance (SPR),dissociation constant KD,Positive,,204.0,,,12801545_Clear,,IEDB
ILSPFLPLL,Clear,HLA-A*02:01,HLA-A*02:01,HLA-A*02:01,33323464,2020,In vivo therapeutic effects of affinity-improved-TCR engineered T-cells on HBV-related hepatocellular carcinoma.,J Immunother Cancer,Qi Liu; Ye Tian; Yanyan Li; Wei Zhang; Wenxuan Cai; Yaju Liu; Yuefei Ren; Zhaoduan Liang; Peipei Zhou; Yajing Zhang; Yifeng Bao; Yi Li,12801546,371.0,379.0,,Major surface antigen precursor,hepatitis B virus genotype C,Hepatitis B virus,surface plasmon resonance (SPR),dissociation constant KD,Positive,,151.0,,,12801546_Clear,,IEDB
ILSPFLPLL,Clear,HLA-A*02:01,HLA-A*02:01,HLA-A*02:01,33323464,2020,In vivo therapeutic effects of affinity-improved-TCR engineered T-cells on HBV-related hepatocellular carcinoma.,J Immunother Cancer,Qi Liu; Ye Tian; Yanyan Li; Wei Zhang; Wenxuan Cai; Yaju Liu; Yuefei Ren; Zhaoduan Liang; Peipei Zhou; Yajing Zhang; Yifeng Bao; Yi Li,12801547,371.0,379.0,,Major surface antigen precursor,hepatitis B virus genotype C,Hepatitis B virus,surface plasmon resonance (SPR),dissociation constant KD,Positive,,436.0,,,12801547_Clear,,IEDB
ILSPFLPLL,Clear,HLA-A*02:01,HLA-A*02:01,HLA-A*02:01,33323464,2020,In vivo therapeutic effects of affinity-improved-TCR engineered T-cells on HBV-related hepatocellular carcinoma.,J Immunother Cancer,Qi Liu; Ye Tian; Yanyan Li; Wei Zhang; Wenxuan Cai; Yaju Liu; Yuefei Ren; Zhaoduan Liang; Peipei Zhou; Yajing Zhang; Yifeng Bao; Yi Li,12801548,371.0,379.0,,Major surface antigen precursor,hepatitis B virus genotype C,Hepatitis B virus,surface plasmon resonance (SPR),dissociation constant KD,Positive,,235.0,,,12801548_Clear,,IEDB
ILSPFLPLL,Clear,HLA-A*02:01,HLA-A*02:01,HLA-A*02:01,33323464,2020,In vivo therapeutic effects of affinity-improved-TCR engineered T-cells on HBV-related hepatocellular carcinoma.,J Immunother Cancer,Qi Liu; Ye Tian; Yanyan Li; Wei Zhang; Wenxuan Cai; Yaju Liu; Yuefei Ren; Zhaoduan Liang; Peipei Zhou; Yajing Zhang; Yifeng Bao; Yi Li,12801549,371.0,379.0,,Major surface antigen precursor,hepatitis B virus genotype C,Hepatitis B virus,surface plasmon resonance (SPR),dissociation constant KD,Positive,,517.0,,,12801549_Clear,,IEDB
ILSPFLPLL,Clear,HLA-A*02:01,HLA-A*02:01,HLA-A*02:01,33323464,2020,In vivo therapeutic effects of affinity-improved-TCR engineered T-cells on HBV-related hepatocellular carcinoma.,J Immunother Cancer,Qi Liu; Ye Tian; Yanyan Li; Wei Zhang; Wenxuan Cai; Yaju Liu; Yuefei Ren; Zhaoduan Liang; Peipei Zhou; Yajing Zhang; Yifeng Bao; Yi Li,12801550,371.0,379.0,,Major surface antigen precursor,hepatitis B virus genotype C,Hepatitis B virus,surface plasmon resonance (SPR),dissociation constant KD,Positive,,2510.0,,,12801550_Clear,,IEDB
ILSPFLPLL,Clear,HLA-A*02:01,HLA-A*02:01,HLA-A*02:01,33323464,2020,In vivo therapeutic effects of affinity-improved-TCR engineered T-cells on HBV-related hepatocellular carcinoma.,J Immunother Cancer,Qi Liu; Ye Tian; Yanyan Li; Wei Zhang; Wenxuan Cai; Yaju Liu; Yuefei Ren; Zhaoduan Liang; Peipei Zhou; Yajing Zhang; Yifeng Bao; Yi Li,12801551,371.0,379.0,,Major surface antigen precursor,hepatitis B virus genotype C,Hepatitis B virus,surface plasmon resonance (SPR),dissociation constant KD,Positive,,1460.0,,,12801551_Clear,,IEDB
ILSPFLPLL,Clear,HLA-A*02:01,HLA-A*02:01,HLA-A*02:01,33323464,2020,In vivo therapeutic effects of affinity-improved-TCR engineered T-cells on HBV-related hepatocellular carcinoma.,J Immunother Cancer,Qi Liu; Ye Tian; Yanyan Li; Wei Zhang; Wenxuan Cai; Yaju Liu; Yuefei Ren; Zhaoduan Liang; Peipei Zhou; Yajing Zhang; Yifeng Bao; Yi Li,12801552,371.0,379.0,,Major surface antigen precursor,hepatitis B virus genotype C,Hepatitis B virus,surface plasmon resonance (SPR),dissociation constant KD,Positive,,1260.0,,,12801552_Clear,,IEDB
ILSPFLPLL,Clear,HLA-A*02:01,HLA-A*02:01,HLA-A*02:01,33323464,2020,In vivo therapeutic effects of affinity-improved-TCR engineered T-cells on HBV-related hepatocellular carcinoma.,J Immunother Cancer,Qi Liu; Ye Tian; Yanyan Li; Wei Zhang; Wenxuan Cai; Yaju Liu; Yuefei Ren; Zhaoduan Liang; Peipei Zhou; Yajing Zhang; Yifeng Bao; Yi Li,12801553,371.0,379.0,,Major surface antigen precursor,hepatitis B virus genotype C,Hepatitis B virus,surface plasmon resonance (SPR),dissociation constant KD,Positive,,1090.0,,,12801553_Clear,,IEDB
ILSPFLPLL,Clear,HLA-A*02:01,HLA-A*02:01,HLA-A*02:01,33323464,2020,In vivo therapeutic effects of affinity-improved-TCR engineered T-cells on HBV-related hepatocellular carcinoma.,J Immunother Cancer,Qi Liu; Ye Tian; Yanyan Li; Wei Zhang; Wenxuan Cai; Yaju Liu; Yuefei Ren; Zhaoduan Liang; Peipei Zhou; Yajing Zhang; Yifeng Bao; Yi Li,12801554,371.0,379.0,,Major surface antigen precursor,hepatitis B virus genotype C,Hepatitis B virus,surface plasmon resonance (SPR),dissociation constant KD,Positive,,1260.0,,,12801554_Clear,,IEDB
ILSPFLPLL,Clear,HLA-A*02:01,HLA-A*02:01,HLA-A*02:01,33323464,2020,In vivo therapeutic effects of affinity-improved-TCR engineered T-cells on HBV-related hepatocellular carcinoma.,J Immunother Cancer,Qi Liu; Ye Tian; Yanyan Li; Wei Zhang; Wenxuan Cai; Yaju Liu; Yuefei Ren; Zhaoduan Liang; Peipei Zhou; Yajing Zhang; Yifeng Bao; Yi Li,12801555,371.0,379.0,,Major surface antigen precursor,hepatitis B virus genotype C,Hepatitis B virus,surface plasmon resonance (SPR),dissociation constant KD,Positive,,538.0,,,12801555_Clear,,IEDB
ILSPFLPLL,Clear,HLA-A*02:01,HLA-A*02:01,HLA-A*02:01,33323464,2020,In vivo therapeutic effects of affinity-improved-TCR engineered T-cells on HBV-related hepatocellular carcinoma.,J Immunother Cancer,Qi Liu; Ye Tian; Yanyan Li; Wei Zhang; Wenxuan Cai; Yaju Liu; Yuefei Ren; Zhaoduan Liang; Peipei Zhou; Yajing Zhang; Yifeng Bao; Yi Li,12801556,371.0,379.0,,Major surface antigen precursor,hepatitis B virus genotype C,Hepatitis B virus,surface plasmon resonance (SPR),dissociation constant KD,Positive,,1550.0,,,12801556_Clear,,IEDB
ILSPFLPLL,Clear,HLA-A*02:01,HLA-A*02:01,HLA-A*02:01,33323464,2020,In vivo therapeutic effects of affinity-improved-TCR engineered T-cells on HBV-related hepatocellular carcinoma.,J Immunother Cancer,Qi Liu; Ye Tian; Yanyan Li; Wei Zhang; Wenxuan Cai; Yaju Liu; Yuefei Ren; Zhaoduan Liang; Peipei Zhou; Yajing Zhang; Yifeng Bao; Yi Li,12801557,371.0,379.0,,Major surface antigen precursor,hepatitis B virus genotype C,Hepatitis B virus,surface plasmon resonance (SPR),dissociation constant KD,Positive,,2580.0,,,12801557_Clear,,IEDB
ILSPFLPLL,Clear,HLA-A*02:01,HLA-A*02:01,HLA-A*02:01,33323464,2020,In vivo therapeutic effects of affinity-improved-TCR engineered T-cells on HBV-related hepatocellular carcinoma.,J Immunother Cancer,Qi Liu; Ye Tian; Yanyan Li; Wei Zhang; Wenxuan Cai; Yaju Liu; Yuefei Ren; Zhaoduan Liang; Peipei Zhou; Yajing Zhang; Yifeng Bao; Yi Li,12801558,371.0,379.0,,Major surface antigen precursor,hepatitis B virus genotype C,Hepatitis B virus,surface plasmon resonance (SPR),dissociation constant KD,Positive,,609.0,,,12801558_Clear,,IEDB
ILSPFLPLL,Clear,HLA-A*02:01,HLA-A*02:01,HLA-A*02:01,33323464,2020,In vivo therapeutic effects of affinity-improved-TCR engineered T-cells on HBV-related hepatocellular carcinoma.,J Immunother Cancer,Qi Liu; Ye Tian; Yanyan Li; Wei Zhang; Wenxuan Cai; Yaju Liu; Yuefei Ren; Zhaoduan Liang; Peipei Zhou; Yajing Zhang; Yifeng Bao; Yi Li,12801559,371.0,379.0,,Major surface antigen precursor,hepatitis B virus genotype C,Hepatitis B virus,surface plasmon resonance (SPR),dissociation constant KD,Positive,,461.0,,,12801559_Clear,,IEDB
ILSPFLPLL,Clear,HLA-A*02:01,HLA-A*02:01,HLA-A*02:01,33323464,2020,In vivo therapeutic effects of affinity-improved-TCR engineered T-cells on HBV-related hepatocellular carcinoma.,J Immunother Cancer,Qi Liu; Ye Tian; Yanyan Li; Wei Zhang; Wenxuan Cai; Yaju Liu; Yuefei Ren; Zhaoduan Liang; Peipei Zhou; Yajing Zhang; Yifeng Bao; Yi Li,12801560,371.0,379.0,,Major surface antigen precursor,hepatitis B virus genotype C,Hepatitis B virus,surface plasmon resonance (SPR),dissociation constant KD,Positive,,1720.0,,,12801560_Clear,,IEDB
ILSPFLPLL,Clear,HLA-A*02:01,HLA-A*02:01,HLA-A*02:01,33323464,2020,In vivo therapeutic effects of affinity-improved-TCR engineered T-cells on HBV-related hepatocellular carcinoma.,J Immunother Cancer,Qi Liu; Ye Tian; Yanyan Li; Wei Zhang; Wenxuan Cai; Yaju Liu; Yuefei Ren; Zhaoduan Liang; Peipei Zhou; Yajing Zhang; Yifeng Bao; Yi Li,12801561,371.0,379.0,,Major surface antigen precursor,hepatitis B virus genotype C,Hepatitis B virus,surface plasmon resonance (SPR),dissociation constant KD,Positive,,2420.0,,,12801561_Clear,,IEDB
ILSPFLPLL,Clear,HLA-A*02:01,HLA-A*02:01,HLA-A*02:01,33323464,2020,In vivo therapeutic effects of affinity-improved-TCR engineered T-cells on HBV-related hepatocellular carcinoma.,J Immunother Cancer,Qi Liu; Ye Tian; Yanyan Li; Wei Zhang; Wenxuan Cai; Yaju Liu; Yuefei Ren; Zhaoduan Liang; Peipei Zhou; Yajing Zhang; Yifeng Bao; Yi Li,12801562,371.0,379.0,,Major surface antigen precursor,hepatitis B virus genotype C,Hepatitis B virus,surface plasmon resonance (SPR),dissociation constant KD,Positive,,1740.0,,,12801562_Clear,,IEDB
ILSPFLPLL,Clear,HLA-A*02:01,HLA-A*02:01,HLA-A*02:01,33323464,2020,In vivo therapeutic effects of affinity-improved-TCR engineered T-cells on HBV-related hepatocellular carcinoma.,J Immunother Cancer,Qi Liu; Ye Tian; Yanyan Li; Wei Zhang; Wenxuan Cai; Yaju Liu; Yuefei Ren; Zhaoduan Liang; Peipei Zhou; Yajing Zhang; Yifeng Bao; Yi Li,12801563,371.0,379.0,,Major surface antigen precursor,hepatitis B virus genotype C,Hepatitis B virus,surface plasmon resonance (SPR),dissociation constant KD,Positive,,2460.0,,,12801563_Clear,,IEDB
SIVSPFIPLL,Clear,HLA-A*02:01,HLA-A*02:01,HLA-A*02:01,33323464,2020,In vivo therapeutic effects of affinity-improved-TCR engineered T-cells on HBV-related hepatocellular carcinoma.,J Immunother Cancer,Qi Liu; Ye Tian; Yanyan Li; Wei Zhang; Wenxuan Cai; Yaju Liu; Yuefei Ren; Zhaoduan Liang; Peipei Zhou; Yajing Zhang; Yifeng Bao; Yi Li,12801606,370.0,379.0,,Large envelope protein,hepatitis B virus genotype A,Hepatitis B virus,surface plasmon resonance (SPR),dissociation constant KD,Positive,,2170.0,,,12801606_Clear,,IEDB
SIVSPFIPLL,Clear,HLA-A*02:01,HLA-A*02:01,HLA-A*02:01,33323464,2020,In vivo therapeutic effects of affinity-improved-TCR engineered T-cells on HBV-related hepatocellular carcinoma.,J Immunother Cancer,Qi Liu; Ye Tian; Yanyan Li; Wei Zhang; Wenxuan Cai; Yaju Liu; Yuefei Ren; Zhaoduan Liang; Peipei Zhou; Yajing Zhang; Yifeng Bao; Yi Li,12801609,370.0,379.0,,Large envelope protein,hepatitis B virus genotype A,Hepatitis B virus,surface plasmon resonance (SPR),dissociation constant KD,Positive,,390.0,,,12801609_Clear,,IEDB
YLQPRTFLL,Clear,HLA-A*02:01,HLA-A*02:01,HLA-A*02:01,34384783,2021,Structural basis of biased T cell receptor recognition of an immunodominant HLA-A2 epitope of the SARS-CoV-2 spike protein.,J Biol Chem,Priyanka Chaurasia; Thi H O Nguyen; Louise C Rowntree; Jennifer A Juno; Adam K Wheatley; Stephen J Kent; Katherine Kedzierska; Jamie Rossjohn; Jan Petersen,16367369,269.0,277.0,,surface glycoprotein [Severe acute respiratory syndrome coronavirus 2],Severe acute respiratory syndrome coronavirus 2,Severe acute respiratory syndrome coronavirus 2,surface plasmon resonance (SPR),dissociation constant KD,Positive,,2710.0,,,16367369_Clear,,IEDB
YLQPRTFLL,Clear,HLA-A*02:01,HLA-A*02:01,HLA-A*02:01,34384783,2021,Structural basis of biased T cell receptor recognition of an immunodominant HLA-A2 epitope of the SARS-CoV-2 spike protein.,J Biol Chem,Priyanka Chaurasia; Thi H O Nguyen; Louise C Rowntree; Jennifer A Juno; Adam K Wheatley; Stephen J Kent; Katherine Kedzierska; Jamie Rossjohn; Jan Petersen,16373209,269.0,277.0,,surface glycoprotein [Severe acute respiratory syndrome coronavirus 2],Severe acute respiratory syndrome coronavirus 2,Severe acute respiratory syndrome coronavirus 2,surface plasmon resonance (SPR),dissociation constant KD,Positive,,2360.0,,,16373209_Clear,,IEDB
YLQPRTFLL,Clear,HLA-A*02:01,HLA-A*02:01,HLA-A*02:01,34384783,2021,Structural basis of biased T cell receptor recognition of an immunodominant HLA-A2 epitope of the SARS-CoV-2 spike protein.,J Biol Chem,Priyanka Chaurasia; Thi H O Nguyen; Louise C Rowntree; Jennifer A Juno; Adam K Wheatley; Stephen J Kent; Katherine Kedzierska; Jamie Rossjohn; Jan Petersen,16373210,269.0,277.0,,surface glycoprotein [Severe acute respiratory syndrome coronavirus 2],Severe acute respiratory syndrome coronavirus 2,Severe acute respiratory syndrome coronavirus 2,surface plasmon resonance (SPR),dissociation constant KD,Positive,,3720.0,,,16373210_Clear,,IEDB
YLQPRTFLL,Clear,HLA-A*02:01,HLA-A*02:01,HLA-A*02:01,34384783,2021,Structural basis of biased T cell receptor recognition of an immunodominant HLA-A2 epitope of the SARS-CoV-2 spike protein.,J Biol Chem,Priyanka Chaurasia; Thi H O Nguyen; Louise C Rowntree; Jennifer A Juno; Adam K Wheatley; Stephen J Kent; Katherine Kedzierska; Jamie Rossjohn; Jan Petersen,16373211,269.0,277.0,,surface glycoprotein [Severe acute respiratory syndrome coronavirus 2],Severe acute respiratory syndrome coronavirus 2,Severe acute respiratory syndrome coronavirus 2,surface plasmon resonance (SPR),dissociation constant KD,Positive,,2750.0,,,16373211_Clear,,IEDB
YLQQRTFLL,Clear,HLA-A*02:01,HLA-A*02:01,HLA-A*02:01,34384783,2021,Structural basis of biased T cell receptor recognition of an immunodominant HLA-A2 epitope of the SARS-CoV-2 spike protein.,J Biol Chem,Priyanka Chaurasia; Thi H O Nguyen; Louise C Rowntree; Jennifer A Juno; Adam K Wheatley; Stephen J Kent; Katherine Kedzierska; Jamie Rossjohn; Jan Petersen,16373220,269.0,277.0,,spike protein [Pangolin coronavirus],Pangolin coronavirus,SARS-CoV1,surface plasmon resonance (SPR),dissociation constant KD,Positive,,5870.0,,,16373220_Clear,,IEDB
YLQPRTFLL,Clear,HLA-A*02:01,HLA-A*02:01,HLA-A*02:01,35013235,2022,Structural assessment of HLA-A2-restricted SARS-CoV-2 spike epitopes recognized by public and private T-cell receptors.,Nat Commun,Daichao Wu; Alexander Kolesnikov; Rui Yin; Johnathan D Guest; Ragul Gowthaman; Anton Shmelev; Yana Serdyuk; Dmitry V Dianov; Grigory A Efimov; Brian G Pierce; Roy A Mariuzza,17836688,269.0,277.0,,Spike glycoprotein,Severe acute respiratory syndrome coronavirus 2,Severe acute respiratory syndrome coronavirus 2,surface plasmon resonance (SPR),dissociation constant KD,Positive,,1800.0,,,17836688_Clear,,IEDB
RLQSLQTYV,Clear,HLA-A*02:01,HLA-A*02:01,HLA-A*02:01,35013235,2022,Structural assessment of HLA-A2-restricted SARS-CoV-2 spike epitopes recognized by public and private T-cell receptors.,Nat Commun,Daichao Wu; Alexander Kolesnikov; Rui Yin; Johnathan D Guest; Ragul Gowthaman; Anton Shmelev; Yana Serdyuk; Dmitry V Dianov; Grigory A Efimov; Brian G Pierce; Roy A Mariuzza,17836699,1000.0,1008.0,,Spike glycoprotein,Severe acute respiratory syndrome coronavirus 2,Severe acute respiratory syndrome coronavirus 2,surface plasmon resonance (SPR),dissociation constant KD,Positive,,3400.0,,,17836699_Clear,,IEDB
RLQSLQTYV,Clear,HLA-A*02:01,HLA-A*02:01,HLA-A*02:01,35013235,2022,Structural assessment of HLA-A2-restricted SARS-CoV-2 spike epitopes recognized by public and private T-cell receptors.,Nat Commun,Daichao Wu; Alexander Kolesnikov; Rui Yin; Johnathan D Guest; Ragul Gowthaman; Anton Shmelev; Yana Serdyuk; Dmitry V Dianov; Grigory A Efimov; Brian G Pierce; Roy A Mariuzza,17836701,1000.0,1008.0,,Spike glycoprotein,Severe acute respiratory syndrome coronavirus 2,Severe acute respiratory syndrome coronavirus 2,surface plasmon resonance (SPR),dissociation constant KD,Positive,,9700.0,,,17836701_Clear,,IEDB
IPLTEEAEL,Clear,HLA-B35,"HLA-B*35/HLA-B*53,HLA-B*78",,35389803,2022,Tuning T cell receptor sensitivity through catch bond engineering.,Science,Xiang Zhao; Elizabeth M Kolawole; Waipan Chan; Yinnian Feng; Xinbo Yang; Marvin H Gee; Kevin M Jude; Leah V Sibener; Polly M Fordyce; Ronald N Germain; Brian D Evavold; K Christopher Garcia,22389708,448.0,456.0,,"pol protein, partial [Human immunodeficiency virus]",Human immunodeficiency virus,Human immunodeficiency virus,surface plasmon resonance (SPR),dissociation constant KD,Positive,=,5890.0,,,22389708_Clear,,IEDB
IPLTEEAEL,Clear,HLA-B35,"HLA-B*35/HLA-B*53,HLA-B*78",,35389803,2022,Tuning T cell receptor sensitivity through catch bond engineering.,Science,Xiang Zhao; Elizabeth M Kolawole; Waipan Chan; Yinnian Feng; Xinbo Yang; Marvin H Gee; Kevin M Jude; Leah V Sibener; Polly M Fordyce; Ronald N Germain; Brian D Evavold; K Christopher Garcia,22389732,448.0,456.0,,"pol protein, partial [Human immunodeficiency virus]",Human immunodeficiency virus,Human immunodeficiency virus,surface plasmon resonance (SPR),dissociation constant KD,Positive,=,2240.0,,,22389732_Clear,,IEDB
